1,analyse
1,analysis
1,analyst
1,analytical
1,analysed
1,analysing
1,analyses
1,analysts
1,approach
1,approached
1,approaches
1,approaching
1,approachable
1,area
1,areas
1,assess
1,assessed
1,assessing
1,assessment
1,assessments
1,assessor
1,assume
1,assumed
1,assumes
1,assuming
1,assumption
1,assumptions
1,authority
1,authorities
1,authoritative
1,available
1,availability
1,unavailable
1,benefit
1,beneficial
1,beneficiaries
1,beneficiary
1,benefited
1,benefiting
1,benefits
1,concept
1,concepts
1,conceptual
1,conceptualise
1,consist
1,consisted
1,consistency
1,consistent
1,consistently
1,consisting
1,consists
1,constitute
1,constituted
1,constitutes
1,constituting
1,constitution
1,constitutional
1,context
1,contexts
1,contextual
1,contextualise
1,contract
1,contracted
1,contracting
1,contractor
1,contractors
1,contracts
1,create
1,created
1,creating
1,creation
1,creative
1,creatively
1,creator
1,creators
1,data
1,define
1,defined
1,defines
1,defining
1,definition
1,definitions
1,derive
1,derived
1,derives
1,deriving
1,derivation
1,distribute
1,distributed
1,distributing
1,distribution
1,distributions
1,distributor
1,economy
1,economic
1,economical
1,economically
1,economics
1,economies
1,economist
1,environment
1,environmental
1,environmentalist
1,environmentally
1,environments
1,establish
1,established
1,establishes
1,establishing
1,establishment
1,estimate
1,estimated
1,estimates
1,estimating
1,estimation
1,evident
1,evidently
1,evidence
1,export
1,exported
1,exporter
1,exporters
1,exporting
1,exports
1,factor
1,factors
1,finance
1,financed
1,finances
1,financial
1,financially
1,financing
1,formula
1,formulae
1,formulas
1,formulate
1,formulated
1,formulating
1,formulation
1,function
1,functional
1,functioned
1,functioning
1,functions
1,identify
1,identifiable
1,identification
1,identified
1,identifies
1,identifying
1,identity
1,income
1,incomes
1,indicate
1,indicated
1,indicates
1,indicating
1,indication
1,indicator
1,indicators
1,individual
1,individually
1,individuals
1,individualism
1,individuality
1,interpret
1,interpretation
1,interpretations
1,interpreted
1,interpreting
1,interprets
1,involve
1,involved
1,involvement
1,involves
1,involving
1,issue
1,issued
1,issues
1,issuing
1,labour
1,laboured
1,labouring
1,labours
1,legal
1,legality
1,legally
1,illegal
1,illegally
1,legislate
1,legislated
1,legislation
1,legislative
1,legislator
1,legislature
1,major
1,majority
1,method
1,methodical
1,methodological
1,methodology
1,methods
1,occur
1,occurred
1,occurrence
1,occurrences
1,occurring
1,occurs
1,percent
1,percentage
1,percentages
1,period
1,periodic
1,periodical
1,periodically
1,periods
1,policy
1,policies
1,principle
1,principled
1,principles
1,unprincipled
1,proceed
1,procedural
1,procedure
1,procedures
1,proceeded
1,proceeding
1,proceedings
1,proceeds
1,process
1,processed
1,processes
1,processing
1,require
1,required
1,requirement
1,requirements
1,requires
1,requiring
1,research
1,researched
1,researcher
1,researchers
1,researches
1,researching
1,respond
1,responded
1,respondent
1,respondents
1,responding
1,response
1,responses
1,role
1,roles
1,section
1,sectioned
1,sectioning
1,sections
1,sector
1,sectors
1,significant
1,insignificant
1,significantly
1,significance
1,similar
1,dissimilar
1,similarities
1,similarity
1,similarly
1,source
1,sourced
1,sources
1,sourcing
1,specific
1,specifically
1,specification
1,specifications
1,specificity
1,specifics
1,structure
1,restructure
1,restructured
1,restructuring
1,structural
1,structurally
1,structured
1,structures
1,structuring
1,theory
1,theoretical
1,theoretically
1,theories
1,theorist
1,theorists
1,vary
1,variable
1,variability
1,variables
1,variance
1,variation
1,variations
1,varied
1,varies
1,varying
2,achieve
2,achievable
2,achieved
2,achievement
2,achievements
2,achieves
2,achieving
2,acquire
2,acquired
2,acquires
2,acquiring
2,acquisition
2,acquisitions
2,administrate
2,administrated
2,administrates
2,administrating
2,administration
2,affect
2,affected
2,affecting
2,affection
2,affects
2,unaffected
2,appropriate
2,appropriacy
2,appropriately
2,appropriateness
2,inappropriately
2,aspect
2,aspects
2,assist
2,assistance
2,assistant
2,assistants
2,assisted
2,assisting
2,assists
2,category
2,categories
2,categorisation
2,categorise
2,categorised
2,chapter
2,chapters
2,commission
2,commissioned
2,commissioner
2,commissioners
2,commissioning
2,commissions
2,community
2,communities
2,complex
2,complexities
2,complexity
2,compute
2,computation
2,computational
2,computed
2,computer
2,computerised
2,computers
2,computing
2,conclude
2,concluded
2,concludes
2,concluding
2,conclusion
2,conclusions
2,conclusive
2,conduct
2,conducted
2,conducting
2,conducts
2,consequent
2,consequence
2,consequences
2,consequently
2,construct
2,constructed
2,constructing
2,construction
2,constructions
2,constructive
2,consume
2,consumed
2,consumer
2,consumers
2,consuming
2,consumption
2,credit
2,credited
2,crediting
2,creditor
2,creditors
2,credits
2,culture
2,cultural
2,culturally
2,cultured
2,cultures
2,uncultured
2,design
2,designed
2,designer
2,designers
2,designing
2,designs
2,distinct
2,distinction
2,distinctions
2,distinctive
2,distinctly
2,element
2,elements
2,equate
2,equated
2,equation
2,equations
2,equates
2,equating
2,evaluate
2,evaluated
2,evaluates
2,evaluating
2,evaluation
2,evaluations
2,feature
2,featured
2,features
2,featuring
2,final
2,finalise
2,finally
2,finals
2,focus
2,focused
2,focuses
2,focusing
2,refocus
2,impact
2,impacted
2,impacting
2,impacts
2,injure
2,injured
2,injuries
2,injuring
2,injury
2,institute
2,instituted
2,institutes
2,instituting
2,institution
2,institutional
2,institutions
2,invest
2,invested
2,investing
2,investment
2,investments
2,investor
2,investors
2,item
2,itemise
2,items
2,journal
2,journalism
2,journalist
2,journalists
2,journals
2,maintain
2,maintained
2,maintaining
2,maintains
2,maintenance
2,normal
2,abnormal
2,abnormally
2,normalise
2,normality
2,normally
2,obtain
2,obtainable
2,obtained
2,obtaining
2,obtains
2,unobtainable
2,participate
2,participant
2,participants
2,participated
2,participates
2,participating
2,participation
2,perceive
2,perceived
2,perceives
2,perceiving
2,perception
2,perceptions
2,positive
2,positively
2,potential
2,potentially
2,previous
2,previously
2,primary
2,primarily
2,purchase
2,purchased
2,purchaser
2,purchasers
2,purchases
2,purchasing
2,range
2,ranged
2,ranges
2,ranging
2,region
2,regional
2,regionally
2,regions
2,regulate
2,deregulate
2,deregulation
2,regulated
2,regulates
2,regulating
2,regulation
2,regulations
2,relevant
2,irrelevance
2,irrelevant
2,relevance
2,reside
2,resided
2,residence
2,resident
2,residential
2,residents
2,resides
2,residing
2,resource
2,resourced
2,resourceful
2,resources
2,resourcing
2,under-resourced
2,restrict
2,restricted
2,restricting
2,restriction
2,restrictions
2,restrictive
2,restricts
2,secure
2,insecure
2,insecurity
2,secured
2,securely
2,security
2,seek
2,seeking
2,seeks
2,sought
2,select
2,selected
2,selecting
2,selection
2,selections
2,selective
2,selectively
2,selector
2,site
2,sites
2,strategy
2,strategic
2,strategically
2,strategies
2,strategist
2,survey
2,surveyed
2,surveying
2,surveys
2,surveyor
2,text
2,texts
2,textbook
2,textbooks
2,textual
2,tradition
2,traditional
2,traditionalist
2,traditionally
2,traditions
2,transfer
2,transferred
2,transferring
2,transfers
3,alternative
3,alternatively
3,alternatives
3,circumstance
3,circumstances
3,comment
3,commentaries
3,commentary
3,commented
3,commenting
3,comments
3,compensate
3,compensated
3,compensates
3,compensating
3,compensation
3,component
3,components
3,consent
3,consented
3,consenting
3,consents
3,considerable
3,considerably
3,constant
3,constantly
3,constants
3,constrain
3,constrained
3,constraining
3,constrains
3,constraint
3,constraints
3,contribute
3,contributed
3,contributes
3,contributing
3,contribution
3,contributions
3,contributor
3,convene
3,convention
3,conventional
3,conventionally
3,conventions
3,convened
3,convenes
3,convening
3,coordinate
3,coordinated
3,coordinates
3,coordinating
3,coordination
3,coordinator
3,core
3,cores
3,corporate
3,corporation
3,corporations
3,correspond
3,corresponded
3,correspondence
3,corresponding
3,correspondingly
3,corresponds
3,criteria
3,criterion
3,deduce
3,deduced
3,deduces
3,deducing
3,deduction
3,deductions
3,demonstrate
3,demonstrated
3,demonstrates
3,demonstrating
3,demonstration
3,demonstrations
3,demonstrator
3,document
3,documentation
3,documented
3,documenting
3,documents
3,dominate
3,dominance
3,dominant
3,dominated
3,dominates
3,dominating
3,domination
3,emphasis
3,emphasise
3,emphasised
3,emphasises
3,emphasising
3,ensure
3,ensured
3,ensures
3,ensuring
3,exclude
3,excluded
3,excludes
3,excluding
3,exclusion
3,exclusions
3,exclusive
3,exclusively
3,framework
3,frameworks
3,fund
3,funded
3,funder
3,funders
3,funding
3,funds
3,illustrate
3,illustrated
3,illustrates
3,illustrating
3,illustration
3,illustrations
3,immigrate
3,immigrant
3,immigrants
3,immigrated
3,immigrates
3,immigrating
3,immigration
3,imply
3,implied
3,implies
3,implying
3,implication
3,implications
3,initial
3,initially
3,instance
3,instances
3,interact
3,interacted
3,interacting
3,interaction
3,interactions
3,interactive
3,interactively
3,justify
3,justifiable
3,justifiably
3,justification
3,justifications
3,justified
3,justifies
3,justifying
3,layer
3,layered
3,layers
3,link
3,linkage
3,linkages
3,linked
3,linking
3,links
3,locate
3,located
3,locating
3,location
3,locations
3,relocate
3,maximise
3,maximised
3,maximises
3,maximising
3,maximum
3,minor
3,minorities
3,minority
3,minors
3,negate
3,negated
3,negates
3,negating
3,negative
3,negatively
3,negatives
3,outcome
3,outcomes
3,partner
3,partnered
3,partners
3,partnership
3,partnerships
3,philosophy
3,philosopher
3,philosophers
3,philosophical
3,philosophically
3,physical
3,physically
3,proportion
3,disproportion
3,disproportionate
3,disproportionately
3,proportional
3,proportionally
3,proportionate
3,proportionately
3,proportions
3,publish
3,published
3,publisher
3,publishers
3,publishes
3,publishing
3,publication
3,publications
3,react
3,reacted
3,reacting
3,reaction
3,reactionary
3,reactions
3,reactor
3,reactors
3,register
3,deregister
3,registered
3,registering
3,registers
3,registration
3,rely
3,reliability
3,reliable
3,reliably
3,reliance
3,reliant
3,relied
3,relies
3,relying
3,remove
3,removable
3,removal
3,removed
3,removes
3,removing
3,scheme
3,schematic
3,schemed
3,schemes
3,scheming
3,sequence
3,sequenced
3,sequences
3,sequencing
3,sequential
3,sequentially
3,sex
3,sexes
3,sexism
3,sexual
3,sexuality
3,sexually
3,shift
3,shifted
3,shifting
3,shifts
3,specify
3,specifiable
3,specified
3,specifies
3,specifying
3,specification
3,specifications
3,sufficient
3,sufficiency
3,sufficiently
3,insufficient
3,insufficiently
3,task
3,tasks
3,technical
3,technically
3,technique
3,techniques
3,technology
3,technological
3,technologically
3,valid
3,invalidate
3,invalidity
3,validate
3,validated
3,validating
3,validation
3,validity
3,volume
3,volumes
4,access
4,accessed
4,accesses
4,accessibility
4,accessible
4,accessing
4,inaccessible
4,adequate
4,adequacy
4,adequately
4,inadequacy
4,inadequate
4,inadequately
4,annual
4,annually
4,apparent
4,apparently
4,approximate
4,approximated
4,approximately
4,approximates
4,approximating
4,approximation
4,attitude
4,attitudes
4,attitudinal
4,attribute
4,attributable
4,attributed
4,attributes
4,attributing
4,attribution
4,civil
4,civilian
4,code
4,coded
4,codes
4,coding
4,commit
4,commitment
4,commitments
4,committed
4,committing
4,communicate
4,communicated
4,communicates
4,communicating
4,communication
4,communications
4,concentrate
4,concentrated
4,concentrates
4,concentrating
4,concentration
4,confer
4,conference
4,conferences
4,conferred
4,conferring
4,confers
4,contrast
4,contrasted
4,contrasting
4,contrasts
4,cycle
4,cycled
4,cycles
4,cycling
4,cyclical
4,debate
4,debatable
4,debated
4,debates
4,debating
4,despite
4,dimension
4,dimensional
4,dimensions
4,multidimensional
4,domestic
4,domestically
4,domesticate
4,domesticated
4,emerge
4,emerged
4,emergence
4,emergent
4,emerges
4,emerging
4,error
4,erroneous
4,erroneously
4,errors
4,ethnic
4,ethnically
4,ethnicity
4,goal
4,goals
4,grant
4,granted
4,granting
4,grants
4,hence
4,hypothesis
4,hypotheses
4,hypothesise
4,hypothesised
4,hypothetical
4,hypothetically
4,implement
4,implementation
4,implemented
4,implementing
4,implements
4,implicate
4,implicated
4,implicates
4,implicating
4,implication
4,implications
4,impose
4,imposed
4,imposes
4,imposing
4,imposition
4,integrate
4,integrated
4,integrates
4,integrating
4,integration
4,internal
4,internally
4,internalise
4,investigate
4,investigated
4,investigates
4,investigating
4,investigation
4,investigations
4,investigative
4,investigator
4,job
4,jobless
4,jobs
4,label
4,labelled
4,labelling
4,labels
4,mechanism
4,mechanisms
4,obvious
4,obviously
4,occupy
4,occupant
4,occupants
4,occupation
4,occupational
4,occupied
4,occupier
4,occupies
4,occupying
4,option
4,optional
4,options
4,output
4,outputs
4,overall
4,parallel
4,paralleled
4,parallels
4,unparalleled
4,parameter
4,parameters
4,phase
4,phased
4,phases
4,phasing
4,predict
4,predictability
4,predictable
4,predictably
4,predicted
4,predicting
4,prediction
4,predictions
4,predictor
4,principal
4,principally
4,principals
4,prior
4,professional
4,professionally
4,professionalism
4,professionals
4,unprofessional
4,project
4,projected
4,projecting
4,projection
4,projections
4,projects
4,promote
4,promoted
4,promoter
4,promoters
4,promotes
4,promoting
4,promotion
4,promotions
4,regime
4,regimes
4,resolve
4,resolution
4,resolved
4,resolves
4,resolving
4,unresolved
4,retain
4,retained
4,retaining
4,retains
4,retention
4,series
4,statistic
4,statistician
4,statisticians
4,statistical
4,statistically
4,statistics
4,status
4,stress
4,stressed
4,stresses
4,stressful
4,stressing
4,unstressed
4,subsequent
4,subsequently
4,sum
4,summation
4,summed
4,summing
4,sums
4,summary
4,summarise
4,summarised
4,summarises
4,summarising
4,undertake
4,undertaken
4,undertakes
4,undertaking
5,academy
5,academia
5,academic
5,academically
5,academics
5,adjust
5,adjusted
5,adjusting
5,adjustment
5,adjustments
5,adjustable
5,readjust
5,alter
5,alterable
5,alteration
5,alterations
5,altered
5,altering
5,alternate
5,alternating
5,alters
5,unalterable
5,amend
5,amended
5,amending
5,amendment
5,amendments
5,amends
5,aware
5,awareness
5,unaware
5,capacity
5,capacities
5,incapacitate
5,challenge
5,challenged
5,challenger
5,challengers
5,challenges
5,challenging
5,clause
5,clauses
5,compound
5,compounded
5,compounding
5,compounds
5,conflict
5,conflicted
5,conflicting
5,conflicts
5,consult
5,consultancy
5,consultant
5,consultants
5,consultation
5,consultations
5,consulted
5,consulting
5,consults
5,contact
5,contactable
5,contacted
5,contacting
5,contacts
5,decline
5,declined
5,declines
5,declining
5,discrete
5,discretely
5,discretion
5,discretionary
5,indiscrete
5,indiscretion
5,draft
5,drafted
5,drafting
5,drafts
5,redraft
5,enable
5,enabled
5,enables
5,enabling
5,energy
5,energetic
5,energetically
5,energies
5,energise
5,enforce
5,enforced
5,enforcement
5,enforces
5,enforcing
5,entity
5,entities
5,equivalent
5,equivalence
5,equivalents
5,evolve
5,evolution
5,evolutionary
5,evolved
5,evolves
5,evolving
5,expand
5,expanded
5,expanding
5,expansion
5,expansionism
5,expansions
5,expands
5,expose
5,exposed
5,exposes
5,exposing
5,exposure
5,exposures
5,external
5,externalise
5,externally
5,facilitate
5,facilitated
5,facilitates
5,facilitating
5,facilitation
5,facilitator
5,facilitators
5,fundamental
5,fundamentally
5,fundamentals
5,generate
5,generated
5,generates
5,generating
5,generation
5,generations
5,generational
5,image
5,imagery
5,images
5,liberal
5,liberalise
5,liberalism
5,liberally
5,liberals
5,liberation
5,license
5,licensed
5,licenses
5,licensing
5,licensee
5,licensees
5,unlicensed
5,logic
5,illogical
5,illogically
5,logical
5,logically
5,logician
5,margin
5,marginal
5,marginally
5,margins
5,medical
5,medically
5,mental
5,mentally
5,mentality
5,modify
5,modified
5,modifies
5,modifying
5,modification
5,modifications
5,monitor
5,monitored
5,monitoring
5,monitors
5,unmonitored
5,network
5,networked
5,networking
5,networks
5,notion
5,notional
5,notions
5,objective
5,objectively
5,objectivity
5,objectives
5,orient
5,orientated
5,orientation
5,oriented
5,perspective
5,perspectives
5,precise
5,imprecise
5,precisely
5,precision
5,psychology
5,psychological
5,psychologically
5,psychologist
5,psychologists
5,pursue
5,pursued
5,pursues
5,pursuing
5,pursuit
5,ratio
5,ratios
5,reject
5,rejected
5,rejecting
5,rejection
5,rejections
5,rejects
5,revenue
5,revenues
5,stable
5,instability
5,stabilise
5,stabilised
5,stabilising
5,stability
5,unstable
5,style
5,styled
5,styles
5,styling
5,stylish
5,stylishly
5,substitute
5,substituted
5,substitutes
5,substituting
5,substitution
5,sustain
5,sustainability
5,sustainable
5,sustained
5,sustaining
5,sustains
5,unsustainable
5,symbol
5,symbolic
5,symbolically
5,symbolise
5,symbolism
5,symbols
5,target
5,targeted
5,targeting
5,targets
5,transit
5,transition
5,transitional
5,transitions
5,transitory
5,transits
5,trend
5,trends
5,version
5,versions
5,welfare
6,abstract
6,abstracted
6,abstracting
6,abstraction
6,abstractions
6,abstractly
6,abstracts
6,accurate
6,accuracy
6,accurately
6,inaccuracy
6,inaccurate
6,inaccurately
6,acknowledge
6,acknowledged
6,acknowledges
6,acknowledging
6,acknowledgement
6,aggregate
6,aggregated
6,aggregates
6,aggregating
6,aggregation
6,allocate
6,allocated
6,allocates
6,allocating
6,allocation
6,allocations
6,assign
6,assigned
6,assigning
6,assignment
6,assignments
6,assigns
6,reassign
6,attach
6,attached
6,attaches
6,attaching
6,attachment
6,attachments
6,unattached
6,author
6,authored
6,authoring
6,authoritative
6,authors
6,authorship
6,bond
6,bonded
6,bonding
6,bonds
6,brief
6,briefed
6,briefing
6,briefly
6,briefs
6,capable
6,capabilities
6,capability
6,incapable
6,cite
6,cited
6,cites
6,citing
6,citation
6,citations
6,cooperate
6,cooperated
6,cooperates
6,cooperating
6,cooperation
6,cooperative
6,cooperatively
6,discriminate
6,discriminated
6,discriminates
6,discriminating
6,discrimination
6,display
6,displayed
6,displaying
6,displays
6,diverse
6,diversely
6,diversification
6,diversified
6,diversifies
6,diversify
6,diversifying
6,diversity
6,domain
6,domains
6,edit
6,edited
6,editing
6,edition
6,editions
6,editor
6,editorial
6,editors
6,enhance
6,enhanced
6,enhancement
6,enhancements
6,enhances
6,enhancing
6,estate
6,estates
6,exceed
6,exceeded
6,exceeding
6,exceedingly
6,exceeds
6,expert
6,expertise
6,experts
6,explicit
6,explicitly
6,federal
6,federalism
6,federally
6,federation
6,fee
6,fees
6,flexible
6,flexibility
6,inflexible
6,inflexibility
6,furthermore
6,gender
6,gendered
6,genders
6,ignorance
6,ignorant
6,ignore
6,ignored
6,ignores
6,ignoring
6,incentive
6,incentives
6,incidence
6,incident
6,incidentally
6,incidents
6,incorporate
6,incorporated
6,incorporates
6,incorporating
6,incorporation
6,index
6,indexed
6,indexes
6,indexing
6,indices
6,inhibit
6,inhibited
6,inhibiting
6,inhibition
6,inhibitions
6,inhibits
6,initiate
6,initiated
6,initiates
6,initiating
6,initiation
6,initiative
6,initiatives
6,input
6,inputs
6,instruct
6,instructed
6,instructing
6,instruction
6,instructional
6,instructions
6,instructor
6,instructors
6,instructs
6,intelligence
6,intelligent
6,intelligently
6,unintelligent
6,interval
6,intervals
6,lecture
6,lectured
6,lecturer
6,lecturers
6,lectures
6,lecturing
6,migrate
6,migrant
6,migrants
6,migrated
6,migrates
6,migrating
6,migration
6,migratory
6,minimum
6,minimal
6,minimally
6,minimise
6,minimised
6,ministry
6,ministerial
6,ministries
6,minister
6,ministers
6,motive
6,motivate
6,motivated
6,motivates
6,motivating
6,motivation
6,motivations
6,motives
6,unmotivated
6,neutral
6,neutralise
6,neutrality
6,neutrally
6,nevertheless
6,overseas
6,precede
6,preceded
6,precedence
6,precedent
6,preceding
6,precedes
6,presume
6,presumably
6,presumed
6,presumes
6,presuming
6,presumption
6,presumptions
6,presumptuous
6,rational
6,irrational
6,irrationally
6,rationale
6,rationalism
6,rationality
6,rationally
6,recover
6,recoverable
6,recovered
6,recovering
6,recovers
6,recovery
6,reveal
6,revealed
6,revealing
6,reveals
6,revelation
6,revelations
6,scope
6,scoped
6,scopes
6,scoping
6,subsidy
6,subsidies
6,subsidise
6,subsidised
6,subsidises
6,subsidising
6,tape
6,taped
6,tapes
6,taping
6,trace
6,traceable
6,traced
6,traces
6,tracing
6,transform
6,transformation
6,transformations
6,transformed
6,transforming
6,transforms
6,transport
6,transportation
6,transported
6,transporting
6,transports
6,underlying
6,utilise
6,utilisation
6,utilised
6,utilises
6,utilising
6,utility
6,utilities
7,adapt
7,adaptable
7,adaptation
7,adaptations
7,adapted
7,adapting
7,adaptive
7,adapts
7,adult
7,adulthood
7,adults
7,advocate
7,advocated
7,advocates
7,advocating
7,advocacy
7,aid
7,aided
7,aiding
7,aids
7,unaided
7,channel
7,channelled
7,channelling
7,channels
7,chemical
7,chemically
7,chemicals
7,classic
7,classical
7,classics
7,comprehensive
7,comprehensively
7,comprise
7,comprised
7,comprises
7,comprising
7,confirm
7,confirmation
7,confirmed
7,confirming
7,confirms
7,unconfirmed
7,contrary
7,contrarily
7,contraries
7,convert
7,converted
7,converting
7,conversion
7,conversions
7,converts
7,convertible
7,couple
7,coupled
7,coupling
7,couples
7,decade
7,decades
7,definite
7,definitely
7,definitive
7,indefinite
7,indefinitely
7,deny
7,deniable
7,denial
7,denied
7,denies
7,denying
7,undeniable
7,differentiate
7,differentiated
7,differentiates
7,differentiating
7,differentiation
7,dispose
7,disposable
7,disposal
7,disposed
7,disposes
7,disposing
7,disposition
7,dynamic
7,dynamically
7,dynamics
7,dynamism
7,eliminate
7,eliminated
7,eliminates
7,eliminating
7,elimination
7,empirical
7,empirically
7,empiricism
7,equip
7,equipment
7,equipped
7,equipping
7,equips
7,extract
7,extracted
7,extracting
7,extraction
7,extracts
7,file
7,filed
7,files
7,filing
7,finite
7,finitely
7,infinite
7,infinitely
7,foundation
7,foundations
7,founded
7,founder
7,founders
7,founding
7,globe
7,global
7,globalisation
7,globally
7,globes
7,grade
7,graded
7,grades
7,grading
7,guarantee
7,guaranteed
7,guaranteeing
7,guarantees
7,hierarchy
7,hierarchical
7,hierarchically
7,hierarchies
7,identical
7,identically
7,ideology
7,ideological
7,ideologically
7,ideologies
7,infer
7,inference
7,inferences
7,inferred
7,inferring
7,infers
7,innovate
7,innovated
7,innovates
7,innovating
7,innovation
7,innovations
7,innovative
7,innovator
7,innovators
7,insert
7,inserted
7,inserting
7,insertion
7,inserts
7,intervene
7,intervened
7,intervenes
7,intervening
7,intervention
7,interventions
7,isolate
7,isolated
7,isolates
7,isolating
7,isolation
7,isolationism
7,media
7,mode
7,modes
7,paradigm
7,paradigms
7,phenomenon
7,phenomena
7,priority
7,priorities
7,prioritise
7,prioritised
7,prioritises
7,prioritising
7,prohibit
7,prohibited
7,prohibiting
7,prohibition
7,prohibitions
7,prohibitive
7,prohibits
7,publication
7,publications
7,quote
7,quotation
7,quotations
7,quoted
7,quotes
7,quoting
7,release
7,released
7,releases
7,releasing
7,reverse
7,reversal
7,reversed
7,reverses
7,reversible
7,reversing
7,irreversible
7,simulate
7,simulated
7,simulates
7,simulating
7,simulation
7,simulations
7,simulator
7,sole
7,solely
7,somewhat
7,submit
7,submission
7,submissions
7,submitted
7,submitting
7,submits
7,successor
7,succession
7,successions
7,successive
7,successively
7,successors
7,survive
7,survival
7,survived
7,survives
7,surviving
7,survivor
7,survivors
7,thesis
7,theses
7,topic
7,topical
7,topics
7,transmit
7,transmission
7,transmissions
7,transmitted
7,transmitter
7,transmitting
7,transmits
7,ultimate
7,ultimately
7,unique
7,uniquely
7,uniqueness
7,visible
7,visibility
7,visibly
7,invisible
7,invisibility
7,invisibly
7,voluntary
7,voluntarily
7,volunteer
7,volunteered
7,volunteering
7,volunteers
8,abandon
8,abandoned
8,abandoning
8,abandonment
8,abandons
8,accompany
8,accompanied
8,accompanies
8,accompanying
8,accompaniment
8,accumulate
8,accumulated
8,accumulates
8,accumulating
8,accumulation
8,ambiguous
8,ambiguity
8,ambiguities
8,unambiguous
8,unambiguously
8,append
8,appended
8,appendices
8,appendix
8,appending
8,appends
8,appreciate
8,appreciated
8,appreciates
8,appreciating
8,appreciation
8,arbitrary
8,arbitrarily
8,arbitrariness
8,automate
8,automated
8,automates
8,automating
8,automatic
8,automatically
8,automation
8,bias
8,biased
8,biases
8,biasing
8,unbiased
8,cease
8,ceased
8,ceases
8,ceasing
8,coherent
8,coherence
8,coherently
8,incoherent
8,incoherence
8,coincide
8,coincided
8,coincidence
8,coincidences
8,coincides
8,coinciding
8,coincidental
8,commence
8,commenced
8,commences
8,commencing
8,commencement
8,compatible
8,compatibility
8,incompatible
8,incompatibility
8,conform
8,conformist
8,conformity
8,conformed
8,conforming
8,conforms
8,nonconformist
8,nonconformity
8,contemporary
8,contemporaries
8,contradict
8,contradicted
8,contradicting
8,contradiction
8,contradictions
8,contradictory
8,contradicts
8,crucial
8,crucially
8,currency
8,currencies
8,denote
8,connoted
8,connotation
8,denoted
8,denotes
8,denoting
8,denotation
8,detect
8,detectable
8,detected
8,detecting
8,detection
8,detective
8,detectives
8,detector
8,detectors
8,detects
8,deviate
8,deviated
8,deviates
8,deviating
8,deviation
8,deviations
8,displace
8,displaced
8,displacement
8,displaces
8,displacing
8,drama
8,dramatic
8,dramatically
8,dramatise
8,dramatist
8,dramas
8,eventual
8,eventuality
8,eventually
8,exhibit
8,exhibited
8,exhibiting
8,exhibition
8,exhibitions
8,exhibits
8,exploit
8,exploitable
8,exploitation
8,exploited
8,exploiting
8,exploits
8,fluctuate
8,fluctuated
8,fluctuates
8,fluctuating
8,fluctuation
8,fluctuations
8,guideline
8,guidelines
8,highlight
8,highlighted
8,highlighting
8,highlights
8,implicit
8,implicitly
8,induce
8,induced
8,induces
8,inducing
8,induction
8,inevitable
8,inevitability
8,inevitably
8,infrastructure
8,infrastructural
8,infrastructures
8,inspect
8,inspected
8,inspecting
8,inspection
8,inspections
8,inspector
8,inspectors
8,inspects
8,intense
8,intensely
8,intensify
8,intensified
8,intensifies
8,intensifying
8,intensity
8,intensive
8,intensively
8,manipulate
8,manipulated
8,manipulates
8,manipulating
8,manipulation
8,manipulative
8,minimise
8,minimised
8,minimises
8,minimising
8,nuclear
8,offset
8,offsets
8,offsetting
8,paragraph
8,paragraphs
8,plus
8,pluses
8,practitioner
8,practitioners
8,predominant
8,predominantly
8,predominance
8,predominate
8,predominated
8,predominates
8,predominating
8,prospect
8,prospective
8,prospects
8,radical
8,radically
8,radicals
8,radicalism
8,random
8,randomly
8,randomness
8,randomise
8,reinforce
8,reinforced
8,reinforcement
8,reinforcements
8,reinforces
8,reinforcing
8,restore
8,restored
8,restores
8,restoring
8,restoration
8,revise
8,revised
8,revises
8,revising
8,revision
8,revisions
8,schedule
8,reschedule
8,rescheduled
8,scheduled
8,schedules
8,scheduling
8,unscheduled
8,tense
8,tensely
8,tension
8,tensions
8,terminate
8,terminal
8,terminally
8,terminated
8,terminates
8,terminating
8,termination
8,theme
8,thematic
8,thematically
8,themed
8,themes
8,thereby
8,uniform
8,uniformity
8,uniformly
8,uniforms
8,vehicle
8,vehicles
8,vehicular
8,via
8,virtual
8,virtually
8,visual
8,visualise
8,visualised
8,visualising
8,visualisation
8,visually
8,widespread
9,analogy
9,analogies
9,analogous
9,anticipate
9,anticipated
9,anticipates
9,anticipating
9,anticipation
9,unanticipated
9,assure
9,assurance
9,assured
9,assures
9,assuring
9,reassure
9,reassurance
9,attain
9,attainable
9,attained
9,attaining
9,attainment
9,attains
9,unattainable
9,behalf
9,bulk
9,bulky
9,cease
9,ceased
9,ceases
9,ceasing
9,coherent
9,coherence
9,coherently
9,incoherent
9,collapse
9,collapsed
9,collapses
9,collapsing
9,colleague
9,colleagues
9,compile
9,compiled
9,compiles
9,compiling
9,compilation
9,compilations
9,conceive
9,conceivable
9,conceivably
9,conceived
9,conceives
9,conceiving
9,inconceivable
9,convince
9,convinced
9,convinces
9,convincing
9,convincingly
9,unconvinced
9,dedicate
9,dedicated
9,dedicates
9,dedicating
9,dedication
9,deviation
9,deviate
9,deviated
9,deviates
9,deviating
9,deviations
9,diminish
9,diminished
9,diminishes
9,diminishing
9,diminution
9,undiminished
9,distort
9,distorted
9,distorting
9,distortion
9,distortions
9,distorts
9,undistorted
9,draft
9,drafted
9,drafting
9,drafts
9,redraft
9,enormous
9,enormity
9,enormously
9,erode
9,eroded
9,erodes
9,eroding
9,erosion
9,ethics
9,ethical
9,ethically
9,unethical
9,format
9,formatted
9,formatting
9,formats
9,found
9,foundation
9,founded
9,founder
9,founders
9,founding
9,inherent
9,inherently
9,insight
9,insightful
9,insights
9,integral
9,intermediate
9,intermediaries
9,intermediary
9,manual
9,manually
9,manuals
9,mature
9,immature
9,immaturity
9,maturation
9,matured
9,matures
9,maturing
9,maturity
9,mediate
9,mediated
9,mediates
9,mediating
9,mediation
9,mediator
9,mediators
9,medium
9,media
9,military
9,militarily
9,militia
9,norm
9,norms
9,normative
9,ongoing
9,panel
9,panelled
9,panelling
9,panels
9,persist
9,persisted
9,persistence
9,persistent
9,persistently
9,persisting
9,persists
9,pose
9,posed
9,poses
9,posing
9,reluctance
9,reluctant
9,reluctantly
9,scenario
9,scenarios
9,scope
9,scoped
9,scopes
9,scoping
9,sphere
9,spheres
9,spherical
9,spherically
9,subordinate
9,subordinated
9,subordinates
9,subordinating
9,subordination
9,supplement
9,supplementary
9,supplemented
9,supplementing
9,supplements
9,suspend
9,suspended
9,suspending
9,suspension
9,suspensions
9,suspends
9,team
9,teamed
9,teaming
9,teams
9,teamwork
9,temporary
9,temporarily
9,trigger
9,triggered
9,triggering
9,triggers
9,unify
9,unification
9,unified
9,unifies
9,unifying
9,violate
9,violated
9,violates
9,violating
9,violation
9,violations
9,vision
9,visionary
10,adjacent
10,adjacency
10,albeit
10,assemble
10,assembled
10,assembles
10,assemblies
10,assembling
10,assembly
10,collapse
10,collapsed
10,collapses
10,collapsing
10,colleague
10,colleagues
10,compile
10,compiled
10,compiles
10,compiling
10,compilation
10,conceive
10,conceivable
10,conceived
10,conceives
10,conceiving
10,convince
10,convinced
10,convinces
10,convincing
10,unconvinced
10,depress
10,depressed
10,depresses
10,depressing
10,depression
10,encounter
10,encountered
10,encountering
10,encounters
10,enormous
10,enormity
10,enormously
10,forthcoming
10,incline
10,disinclination
10,disinclined
10,inclined
10,inclines
10,inclining
10,inclination
10,inclinations
10,integrity
10,intrinsic
10,intrinsically
10,invoke
10,invoked
10,invokes
10,invoking
10,invocation
10,levy
10,levies
10,levied
10,levying
10,likewise
10,nonetheless
10,notwithstanding
10,odd
10,oddity
10,oddly
10,odds
10,ongoing
10,panel
10,panelled
10,panels
10,persist
10,persisted
10,persistence
10,persistent
10,persists
10,pose
10,posed
10,poses
10,posing
10,reluctance
10,reluctant
10,reluctantly
10,so-called
10,straightforward
10,undergo
10,undergoes
10,undergoing
10,undergone
10,underwent
10,whereby
1,analyzer
1,analyzable
1,reanalysis
1,reanalyse
1,approachability
1,unapproachable
1,assessable
1,reassess
1,reassessment
1,reassessed
1,assumable
1,reassume
1,authorise
1,authorised
1,authorisation
1,unauthorised
1,benefactor
1,conceptualisation
1,conceptualised
1,conceptually
1,inconsistency
1,inconsistencies
1,constitutionally
1,unconstitutional
1,unconstitutionally
1,contextualised
1,contextualising
1,decontextualise
1,contractual
1,contractually
1,subcontract
1,subcontractor
1,subcontracted
1,recreate
1,recreated
1,recreation
1,recreational
1,definable
1,indefinable
1,redefined
1,redefinition
1,undefined
1,derivative
1,derivatives
1,distributional
1,redistributed
1,redistribution
1,economise
1,economised
1,economising
1,uneconomical
1,environmentalism
1,disestablish
1,reestablish
1,reestablishment
1,overestimate
1,overestimated
1,underestimate
1,underestimated
1,evidential
1,formulaic
1,reformulate
1,reformulated
1,reformulation
1,dysfunctional
1,functionally
1,multifunctional
1,unidentified
1,indicative
1,individualistic
1,individualized
1,interpretive
1,misinterpret
1,misinterpretation
1,reinterpret
1,reinterpretation
1,uninvolved
1,legislatively
1,methodically
1,reoccur
1,reoccurrence
1,policyholder
1,policymakers
1,procedurally
1,reprocessed
1,unprocessed
1,prerequisite
1,researchable
1,irresponsible
1,irresponsibly
1,responsibly
1,responsive
1,theorise
1,theorised
1,invariable
1,invariably
1,unvaried
2,achiever
2,underachieve
2,underachievement
2,underachiever
2,reacquire
2,reacquisition
2,administrative
2,administratively
2,affectionately
2,inappropriacy
2,inappropriate
2,unassisted
2,categorically
2,uncategorised
2,decommission
2,recommission
2,intercommunity
2,overcomplicate
2,uncomplicated
2,inconclusive
2,inconclusively
2,misconduct
2,inconsequential
2,deconstruct
2,deconstruction
2,reconstruction
2,reconstructed
2,overconsume
2,overconsumption
2,discredit
2,discreditable
2,multicultural
2,subcultural
2,redesign
2,redesigned
2,indistinct
2,indistinctly
2,elemental
2,nonequivalent
2,reevaluate
2,reevaluation
2,overvalue
2,undervalue
2,unfocused
2,uninjured
2,uninstitutional
2,reinvest
2,disinvest
2,disinvestment
2,itemised
2,journalistic
2,unmaintained
2,abnormality
2,normalcy
2,normalisation
2,renormalise
2,unobtained
2,nonparticipant
2,nonparticipation
2,imperceptible
2,imperceptibly
2,disproportionately
2,overregulate
2,underregulate
2,irrelevantly
2,nonresident
2,unresourced
2,unrestricted
2,overrestrict
2,insecurities
2,reselect
2,reselection
2,unselected
2,resurvey
2,nontraditional
2,retransfer
2,untransferable
3,uncompensated
3,overcompensate
3,overcompensation
3,consentual
3,nonconsent
3,inconsiderable
3,inconstancy
3,unconstrained
3,noncontributing
3,undercontribute
3,reconvene
3,unconventional
3,unconventionally
3,uncoordinated
3,incorporate
3,reincorporation
3,overdeduce
3,undemonstrated
3,undocumented
3,redocument
3,undominated
3,overemphasise
3,overemphasis
3,underemphasis
3,overexclude
3,refunction
3,unfunded
3,underfund
3,underfunded
3,refund
3,refundable
3,nonrefundable
3,unillustrated
3,implicitly
3,unexplicitly
3,reinteract
3,unjustified
3,unjustifiably
3,unlayered
3,multilayer
3,multilayered
3,unlinked
3,interlink
3,interlinked
3,dislocate
3,dislocation
3,mislocate
3,nonminority
3,nonnegative
3,repartner
3,republish
3,unpublished
3,overreact
3,underreact
3,reregister
3,unreliable
3,unreliably
3,nonremovable
3,irremovable
3,unschematic
3,resequence
3,unspecified
3,overspecify
3,insufficiency
3,retask
3,multitask
3,tasking
4,inaccessibility
4,accessibly
4,biannual
4,biannually
4,perennial
4,perennially
4,unapparent
4,inapproximable
4,reattribute
4,unattributed
4,misattribute
4,incivility
4,uncivil
4,civilise
4,civilised
4,civilisation
4,decode
4,encoded
4,encoder
4,encoding
4,recode
4,uncommitted
4,noncommittal
4,miscommunicate
4,miscommunication
4,noncommunicative
4,deconcentrate
4,reconcentrate
4,nonconference
4,uncontrastable
4,recyclable
4,recyclability
4,recycle
4,recycled
4,redebate
4,multidimensionality
4,undomesticated
4,reemerge
4,reemergent
4,reemergence
4,unerring
4,inerrant
4,errantly
4,multiethnic
4,interethnic
4,reimplement
4,reimplementation
4,reimpose
4,nonintegrated
4,reintegrate
4,reintegration
4,disintegrate
4,reinvestigate
4,reinvestigation
4,relabel
4,mislabel
4,unlabelled
4,remechanise
4,preoccupation
4,preoccupied
4,unoccupied
4,reoutput
4,rephase
4,unpredicted
4,unpredictably
4,misprediction
4,reprioritise
4,deprioritise
4,unprofessionally
4,semiprofessional
4,reproject
4,reprojection
4,demote
4,demoted
4,demotion
4,irresolvable
4,retainable
4,summarisation
5,maladjusted
5,readjustment
5,readjusted
5,inalterably
5,unamended
5,unawareness
5,incapacitated
5,overcapacity
5,undercapacity
5,unchallenged
5,rechallenge
5,uncompounded
5,unconflicted
5,reconsult
5,preconsult
5,recontact
5,undeclining
5,indiscreet
5,reenabled
5,reenergise
5,deenergise
5,unenforced
5,nonenforcement
5,nonentity
5,inequivalent
5,nonequivalent
5,unevolved
5,devolution
5,overexpand
5,unexpanded
5,overexpose
5,underexpose
5,unexposed
5,externalisation
5,unfacilitated
5,regenerate
5,degenerate
5,regeneration
5,degeneration
5,degenerative
5,reimagine
5,reimagined
5,illiberal
5,illiberally
5,relicense
5,illogic
5,demarginalize
5,demarginalized
5,remarginalise
5,nonmedical
5,premedical
5,biomedical
5,nonmental
5,remodify
5,unmodifiable
5,remonitor
5,renetwork
5,nonnotion
5,nonobjective
5,disorient
5,disorientation
5,imprecisely
5,imprecision
5,neuropsychological
5,repursue
5,rereject
5,destabilise
5,destabilisation
5,prestabilise
5,destabilising
5,restyle
5,restyled
5,restylise
5,resubstitute
5,unsustainably
5,unsustained
5,desymbolise
5,retarget
5,untargeted
5,pretransit
5,retransit
6,reacknowledge
6,unacknowledged
6,reaggregate
6,disaggregate
6,disaggregation
6,reallocate
6,reallocation
6,misallocate
6,unassigned
6,misassign
6,reattach
6,detach
6,detached
6,detachment
6,reauthorise
6,unauthorised
6,coauthor
6,coauthored
6,rebond
6,debond
6,unbonded
6,rebriefing
6,debriefing
6,incapability
6,recitation
6,recite
6,reciter
6,uncooperative
6,noncooperative
6,indiscriminately
6,nondiscriminatory
6,redisplay
6,undisplayed
6,biodiversity
6,re-edit
6,unedited
6,unenhanced
6,preenhance
6,re-estimate
6,reestimate
6,overestimate
6,inexpert
6,unexpert
6,inexplicit
6,unexplicit
6,infederal
6,nonfederal
6,inflexibly
6,genderless
6,nongendered
6,unincentivised
6,disincentivise
6,unincorporated
6,priorincorporate
6,uninhibited
6,disinhibit
6,disinhibited
6,uninstructed
6,misinstructed
6,unintelligently
6,unlectured
6,nonministerial
6,demotivate
6,demotivated
6,remotivate
6,nonneutral
6,unprecedented
6,irrationalise
6,irrationality
6,irrecoverable
6,unrecovered
6,unrecoverable
6,nonrevealed
6,unrevealed
6,rescope
6,descope
6,unsubsidised
6,retraced
6,untraceable
6,retransform
6,untransformed
6,untransported
7,readaptation
7,maladaptation
7,maladapted
7,rechannelled
7,dechlorinate
7,nonchemical
7,biochemical
7,unclassical
7,nonclassical
7,neoclassical
7,incomprehensively
7,unconfirmable
7,reconfirm
7,noncontrary
7,reconvert
7,unconverted
7,deconversion
7,inconvertible
7,uncoupled
7,decouple
7,redefinite
7,redefinitely
7,undeniably
7,undifferentiated
7,indisposable
7,predispose
7,nondynamic
7,reeliminate
7,unequipped
7,underequipped
7,inexact
7,inexactly
7,nonfinite
7,cofound
7,cofounder
7,unfounded
7,nongrade
7,ungraded
7,regrading
7,unguaranteed
7,ideologist
7,reinfer
7,noninnovative
7,reinsert
7,noninterventionist
7,reisolate
7,deisolate
7,unisolated
7,nonparadigmatic
7,prioritization
7,nonprohibitive
7,republication
7,requote
7,misquote
7,rerelease
7,unreleased
7,prereleased
7,irreversibly
7,resimulate
7,unsimulated
7,resubmit
7,retransmission
7,retransmit
8,reabandoned
8,unaccompanied
8,reaccumulate
8,reappend
8,underappreciate
8,underappreciated
8,nonarbitrary
8,nonautomated
8,semiautomated
8,semiautomatic
8,unbias
8,rebias
8,incoherently
8,noncoincidental
8,recommence
8,noncontradictory
8,undetectable
8,redeviate
8,redisplace
8,undisplaced
8,nondramatic
8,uneventful
8,uneventfully
8,re-exhibit
8,unexploited
8,overexploited
8,nonfluctuating
8,rehighlight
8,unhighlighted
8,noninduction
8,uninspected
8,overintense
8,unmanipulated
8,nonminimal
8,re-offset
8,nonpredominant
8,nonprospective
8,nonradical
8,randomised
8,nonrandom
8,pseudorandom
8,unreinforced
8,unrestored
8,nonrevised
8,rescheduling
8,reterminate
8,nonthematic
8,rethematic
8,nonuniform
8,nonvisual
8,revisualise
9,unreassured
9,unattained
9,recompile
9,recompiled
9,inconceivably
9,reconceive
9,unconvincing
9,unconvincingly
9,rededicate
9,undedicated
9,redistort
9,uneroded
9,unethically
9,reformatted
9,reformatting
9,unfounded
9,noninherent
9,insightfully
9,nonintegral
9,nonintermediate
9,nonmanual
9,immaturely
9,prematurely
9,unmediated
9,nonmilitary
9,paramilitary
9,nonnormative
9,nonpersistent
9,repose
9,reposed
9,repositioned
9,nonreluctant
9,rescope
9,rescoped
9,nonsphere
9,hemispheric
9,hemispheres
9,insubordinate
9,insubordination
9,unsupplemented
9,unsuspended
9,nontemporary
9,untriggered
9,retriggered
9,reunification
9,reunify
9,nonviolation
9,nonvisionary
10,nonadjacent
10,reassemble
10,reassembled
10,recollapse
10,recompile
10,reconvince
10,antidepressant
10,re-encounter
10,reencounter
10,nonintegrity
10,nonintrinsic
10,reinvoke
10,re-levy
10,nonpanelled
10,nonpersistent
10,reposit
10,reposition
10,nonreluctance
10,nonstraightforward
10,re-undergo
