1,the
2,be
3,and
4,of
5,a
6,in
7,to
8,have
9,i
10,it
11,for
12,not
13,on
14,with
15,he
16,as
17,you
18,do
19,at
20,this
21,but
22,his
23,by
24,from
25,they
26,we
27,say
28,her
29,she
30,or
31,an
32,will
33,my
34,one
35,all
36,would
37,there
38,their
39,what
40,so
41,up
42,out
43,if
44,about
45,who
46,get
47,which
48,go
49,me
50,when
51,make
52,can
53,like
54,time
55,no
56,just
57,him
58,know
59,take
60,people
61,into
62,year
63,your
64,good
65,some
66,could
67,them
68,see
69,other
70,than
71,then
72,now
73,look
74,only
75,come
76,its
77,over
78,think
79,also
80,back
81,after
82,use
83,two
84,how
85,our
86,work
87,first
88,well
89,way
90,even
91,new
92,want
93,because
94,any
95,these
96,give
97,day
98,most
99,us
100,find
101,here
102,thing
103,many
104,right
105,tell
106,still
107,great
108,help
109,own
110,through
111,child
112,life
113,long
114,hand
115,between
116,old
117,school
118,must
119,home
120,under
121,close
122,last
123,question
124,try
125,fact
126,far
127,left
128,need
129,start
130,side
131,world
132,keep
133,eye
134,country
135,open
136,against
137,state
138,company
139,without
140,body
141,hear
142,point
143,set
144,government
145,run
146,small
147,number
148,off
149,always
150,move
151,night
152,live
153,enough
154,head
155,show
156,however
157,idea
158,turn
159,another
160,quite
161,money
162,serve
163,word
164,house
165,leave
166,different
167,program
168,away
169,water
170,really
171,call
172,several
173,form
174,develop
175,food
176,grow
177,begin
178,ask
179,name
180,girl
181,important
182,place
183,hold
184,present
185,end
186,follow
187,part
188,family
189,become
190,next
191,early
192,include
193,reach
194,late
195,mean
196,talk
197,each
198,before
199,boy
200,problem
201,interest
202,within
203,big
204,high
205,sort
206,base
207,cut
208,sure
209,report
210,describe
211,feel
212,result
213,read
214,group
215,change
216,certain
217,sense
218,reason
219,public
220,step
221,cause
222,continue
223,wrong
224,strong
225,story
226,type
227,real
228,land
229,act
230,mother
231,area
232,local
233,price
234,father
235,believe
236,national
237,plan
238,foot
239,war
240,produce
241,offer
242,provide
243,decide
244,win
245,picture
246,study
247,since
248,hard
249,stand
250,age
251,drive
252,top
253,rest
254,pay
255,record
256,million
257,community
258,play
259,table
260,case
261,carry
262,job
263,either
264,pass
265,appear
266,across
267,member
268,seem
269,add
270,hope
271,deal
272,able
273,air
274,line
275,letter
276,course
277,write
278,hour
279,above
280,accept
281,according
282,action
283,activity
284,actual
285,actually
286,address
287,agency
288,agent
289,ago
290,agree
291,agreement
292,ahead
293,aim
294,allow
295,almost
296,alone
297,along
298,already
299,although
300,american
301,amount
302,analysis
303,animal
304,announce
305,annual
306,answer
307,anything
308,application
309,apply
310,approach
311,appropriate
312,argue
313,argument
314,arm
315,army
316,around
317,arrive
318,art
319,article
320,artist
321,assume
322,attack
323,attention
324,audience
325,authority
326,available
327,avoid
328,baby
329,bad
330,bag
331,ball
332,bank
333,bar
334,basic
335,basis
336,bear
337,beat
338,beautiful
339,bed
340,behavior
341,behind
342,belief
343,belong
344,beneath
345,benefit
346,beside
347,best
348,better
349,beyond
350,bill
351,billion
352,bit
353,black
354,blood
355,blue
356,board
357,bone
358,book
359,born
360,boss
361,both
362,bottom
363,box
364,brain
365,break
366,bring
367,broad
368,brother
369,brown
370,budget
371,build
372,building
373,burn
374,bus
375,business
376,buy
377,came
378,camera
379,campaign
380,campus
381,candidate
382,capital
383,car
384,card
385,care
386,career
387,cash
388,cat
389,catch
390,cell
391,center
392,central
393,century
394,chair
395,chairman
396,challenge
397,chance
398,chapter
399,character
400,charge
401,check
402,choice
403,choose
404,church
405,citizen
406,city
407,civil
408,claim
409,class
410,clean
411,clear
412,clearly
413,coach
414,cold
415,collection
416,college
417,color
418,comfort
419,command
420,commercial
421,commission
422,common
423,communication
424,compare
425,competition
426,complete
427,computer
428,concern
429,condition
430,conference
431,congress
432,consider
433,consumer
434,contain
435,control
436,conversation
437,cook
438,cool
439,corner
440,cost
441,council
442,count
443,couple
444,court
445,cover
446,create
447,crime
448,cross
449,cultural
450,culture
451,cup
452,current
453,customer
454,dad
455,damage
456,danger
457,dark
458,data
459,daughter
460,dead
461,death
462,debate
463,decade
464,decision
465,deep
466,defense
467,degree
468,democrat
469,democratic
470,department
471,depend
472,design
473,despite
474,detail
475,determine
476,development
477,device
478,die
479,difference
480,difficult
481,dinner
482,direction
483,director
484,discover
485,discussion
486,disease
487,doctor
488,document
489,dog
490,door
491,down
492,draw
493,dream
494,drop
495,drug
496,during
497,east
498,easy
499,eat
500,economic
501,economy
502,edge
503,education
504,effect
505,effort
506,eight
507,election
508,else
509,employee
510,energy
511,enjoy
512,enter
513,entire
514,environment
515,especially
516,establish
517,evening
518,event
519,ever
520,every
521,everybody
522,everyone
523,everything
524,evidence
525,exactly
526,example
527,executive
528,exist
529,expect
530,experience
531,expert
532,explain
533,face
534,fail
535,fall
536,fast
537,fear
538,federal
539,few
540,field
541,fight
542,figure
543,fill
544,final
545,finally
546,financial
547,finger
548,finish
549,fire
550,firm
551,fish
552,five
553,floor
554,fly
555,focus
556,force
557,foreign
558,forever
559,forget
560,former
561,forward
562,four
563,free
564,friend
565,front
566,full
567,fund
568,future
569,gain
570,game
571,garden
572,gas
573,general
574,generation
575,gift
576,glass
577,goal
578,green
579,ground
580,growth
581,guess
582,gun
583,guy
584,hair
585,half
586,hang
587,happen
588,happy
589,hat
590,health
591,heart
592,heat
593,heavy
594,herself
595,highly
596,himself
597,history
598,hit
599,hole
600,hot
601,hotel
602,huge
603,human
604,hundred
605,hurt
606,husband
607,identify
608,image
609,imagine
610,impact
611,improve
612,increase
613,indicate
614,individual
615,industry
616,information
617,inside
618,instead
619,institution
620,international
621,interview
622,investment
623,involve
624,issue
625,item
626,itself
627,join
628,key
629,kid
630,kill
631,kind
632,kitchen
633,knowledge
634,language
635,large
636,later
637,laugh
638,law
639,lawyer
640,lay
641,lead
642,leader
643,learn
644,least
645,leg
646,legal
647,less
648,let
649,level
650,lie
651,light
652,likely
653,list
654,listen
655,little
656,lose
657,loss
658,lot
659,love
660,low
661,machine
662,magazine
663,main
664,maintain
665,major
666,majority
667,manage
668,management
669,manager
670,mark
671,market
672,marriage
673,material
674,matter
675,may
676,maybe
677,measure
678,media
679,medical
680,meet
681,meeting
682,memory
683,mention
684,message
685,method
686,middle
687,might
688,military
689,mind
690,minute
691,miss
692,mission
693,model
694,modern
695,moment
696,month
697,more
698,morning
699,mouth
700,movement
701,movie
702,mr
703,mrs
704,much
705,music
706,myself
707,nation
708,natural
709,nature
710,near
711,nearly
712,necessary
713,network
714,never
715,news
716,newspaper
717,nice
718,none
719,nor
720,north
721,note
722,nothing
723,notice
724,occur
725,office
726,officer
727,official
728,often
729,oh
730,oil
731,ok
732,once
733,onto
734,operation
735,opportunity
736,option
737,order
738,organization
739,others
740,outside
741,owner
742,page
743,pain
744,painting
745,pair
746,paper
747,parent
748,particular
749,particularly
750,partner
751,party
752,past
753,patient
754,pattern
755,peace
756,per
757,percent
758,performance
759,perhaps
760,period
761,permit
762,person
763,personal
764,phone
765,physical
766,pick
767,piece
768,plant
769,player
770,please
771,police
772,policy
773,political
774,politics
775,poor
776,popular
777,population
778,position
779,positive
780,possible
781,power
782,practice
783,prepare
784,president
785,pressure
786,pretty
787,prevent
788,private
789,probably
790,process
791,product
792,production
793,professional
794,professor
795,project
796,property
797,protect
798,prove
799,pull
800,purpose
801,push
802,put
803,quality
804,quickly
805,quiet
806,race
807,radio
808,raise
809,range
810,rate
811,rather
812,ready
813,reality
814,realize
815,receive
816,recent
817,recently
818,recognize
819,red
820,reduce
821,reflect
822,region
823,relate
824,relationship
825,religious
826,remain
827,remember
828,remove
829,repeat
830,replace
831,represent
832,republican
833,require
834,research
835,resource
836,respond
837,response
838,return
839,reveal
840,rich
841,rise
842,risk
843,road
844,rock
845,role
846,room
847,rule
848,safe
849,same
850,save
851,scene
852,science
853,scientist
854,score
855,sea
856,season
857,seat
858,second
859,section
860,security
861,seek
862,sell
863,send
864,senior
865,series
866,serious
867,service
868,seven
869,shake
870,shall
871,shape
872,share
873,shoot
874,short
875,shot
876,should
877,shoulder
878,shut
879,sign
880,significant
881,similar
882,simple
883,simply
884,sing
885,single
886,sir
887,sister
888,sit
889,site
890,situation
891,six
892,size
893,skill
894,skin
895,smile
896,social
897,society
898,soldier
899,somebody
900,someone
901,something
902,sometimes
903,son
904,song
905,soon
906,soul
907,sound
908,source
909,south
910,southern
911,space
912,speak
913,special
914,specific
915,speech
916,spend
917,sport
918,spring
919,staff
920,stage
921,standard
922,star
923,statement
924,station
925,stay
926,stock
927,stop
928,strategy
929,street
930,structure
931,student
932,stuff
933,style
934,subject
935,success
936,successful
937,such
938,suddenly
939,suffer
940,suggest
941,summer
942,support
943,surface
944,system
945,task
946,tax
947,teach
948,teacher
949,team
950,technology
951,television
952,ten
953,tend
954,term
955,test
956,thank
957,that
958,third
959,those
960,though
961,thought
962,thousand
963,threat
964,three
965,throughout
966,throw
967,thus
968,today
969,together
970,tonight
971,too
972,total
973,tough
974,toward
975,town
976,trade
977,traditional
978,treat
979,treatment
980,tree
981,trial
982,trip
983,trouble
984,true
985,truth
986,tv
987,understand
988,unit
989,until
990,upon
991,usually
992,value
993,very
994,victim
995,view
996,violence
997,visit
998,voice
999,vote
1000,wait
1001,walk
1002,wall
1003,watch
1004,weapon
1005,wear
1006,week
1007,weight
1008,west
1009,western
1010,whatever
1011,where
1012,whether
1013,while
1014,white
1015,whole
1016,whom
1017,whose
1018,why
1019,wide
1020,wife
1021,window
1022,wish
1023,woman
1024,wonder
1025,worker
1026,worry
1027,writer
1028,yard
1029,yeah
1030,yes
1031,yet
1032,young
1033,yourself
1034,youth
1035,ability
1036,absence
1037,absolute
1038,absolutely
1039,absorb
1040,abuse
1041,academy
1042,acceptable
1043,access
1044,accident
1045,accompany
1046,accomplish
1047,accord
1048,account
1049,accurate
1050,accuse
1051,achieve
1052,achievement
1053,acid
1054,acknowledge
1055,acquire
1056,acre
1057,adapt
1058,addition
1059,additional
1060,adequate
1061,adjust
1062,administration
1063,administrator
1064,admire
1065,admission
1066,adopt
1067,adult
1068,advance
1069,advanced
1070,advantage
1071,adventure
1072,advertising
1073,affair
1074,afford
1075,afraid
1076,african
1077,afternoon
1078,agricultural
1079,aid
1080,aide
1081,aircraft
1082,alarm
1083,album
1084,alcohol
1085,alien
1086,alliance
1087,allied
1088,allocate
1089,alternative
1090,altogether
1091,amazing
1092,ambassador
1093,amend
1094,amendment
1095,amid
1096,analyst
1097,ancient
1098,anger
1099,anonymous
1100,anxiety
1101,anxious
1102,anybody
1103,anytime
1104,anyway
1105,anywhere
1106,apart
1107,apartment
1108,apparent
1109,apparently
1110,appeal
1111,appearance
1112,apple
1113,approve
1114,architect
1115,arena
1116,arrest
1117,arrival
1118,arrow
1119,aside
1120,assert
1121,assess
1122,assessment
1123,asset
1124,assign
1125,assignment
1126,associate
1127,association
1128,assure
1129,atmosphere
1130,attach
1131,attorney
1132,attract
1133,attribute
1134,auction
1135,author
1136,auto
1137,automobile
1138,avenue
1139,average
1140,awareness
1141,background
1142,badly
1143,balance
1144,ballet
1145,ban
1146,banking
1147,barely
1148,barrier
1149,basket
1150,bathroom
1151,battle
1152,bay
1153,bean
1154,bedroom
1155,beef
1156,beer
1157,beginning
1158,behave
1159,being
1160,bell
1161,below
1162,bend
1163,birth
1164,birthday
1165,bite
1166,blame
1167,blast
1168,bless
1169,blind
1170,blow
1171,boat
1172,bold
1173,bomb
1174,bond
1175,borrow
1176,boundary
1177,bowl
1178,boyfriend
1179,brand
1180,brave
1181,bread
1182,breakfast
1183,breaking
1184,breath
1185,breathing
1186,breed
1187,brief
1188,briefly
1189,broadcast
1190,brush
1191,buddy
1192,bug
1193,bullet
1194,bunch
1195,burden
1196,burst
1197,bury
1198,buyer
1199,cabinet
1200,cake
1201,calculate
1202,caller
1203,calm
1204,cancel
1205,capable
1206,captain
1207,carbon
1208,carpet
1209,cast
1210,casual
1211,category
1212,cattle
1213,ceiling
1214,chamber
1215,champion
1216,channel
1217,chase
1218,cheap
1219,cheat
1220,cheese
1221,chest
1222,chicken
1223,childhood
1224,chip
1225,chocolate
1226,chronic
1227,chunk
1228,cinema
1229,circle
1230,circumstance
1231,cite
1232,civilian
1233,classic
1234,classroom
1235,clerk
1236,click
1237,climate
1238,clinic
1239,clinical
1240,clock
1241,closely
1242,clothes
1243,coalition
1244,code
1245,coffee
1246,cognitive
1247,colleague
1248,colonial
1249,column
1250,combat
1251,combination
1252,comedy
1253,comfortable
1254,commander
1255,commit
1256,commodity
1257,companion
1258,comparison
1259,compatible
1260,complaint
1261,complex
1262,component
1263,compose
1264,comprehensive
1265,comprise
1266,compromise
1267,concentrate
1268,concept
1269,conclude
1270,concrete
1271,conduct
1272,confidence
1273,confirm
1274,conflict
1275,confront
1276,consciousness
1277,consensus
1278,considerable
1279,construct
1280,consultation
1281,consumption
1282,contact
1283,contemporary
1284,content
1285,contest
1286,contract
1287,contractor
1288,contribution
1289,controversial
1290,cooperate
1291,core
1292,corporate
1293,counsel
1294,counter
1295,courage
1296,coverage
1297,craft
1298,crash
1299,crazy
1300,crew
1301,criminal
1302,criticism
1303,crop
1304,crowd
1305,crucial
1306,cry
1307,curious
1308,cute
1309,cycle
1310,daily
1311,dairy
1312,dare
1313,database
1314,deadline
1315,dealer
1316,dear
1317,debris
1318,decent
1319,decline
1320,defeat
1321,deficit
1322,deliver
1323,demonstrate
1324,deny
1325,departure
1326,deploy
1327,depression
1328,description
1329,designer
1330,desire
1331,desperate
1332,destroy
1333,destruction
1334,detect
1335,determination
1336,dialogue
1337,differently
1338,dig
1339,digital
1340,disability
1341,disagree
1342,disaster
1343,discipline
1344,discourse
1345,discrimination
1346,display
1347,distinguish
1348,distribute
1349,district
1350,disturbing
1351,diverse
1352,diversity
1353,dock
1354,domestic
1355,dominant
1356,double
1357,downtown
1358,dozen
1359,drama
1360,dramatically
1361,drawing
1362,due
1363,dump
1364,dust
1365,dwelling
1366,dynamic
1367,eager
1368,ear
1369,earn
1370,ease
1371,easily
1372,eastern
1373,ecological
1374,edition
1375,efficiency
1376,eighth
1377,elect
1378,electoral
1379,elegant
1380,element
1381,eliminate
1382,elite
1383,elsewhere
1384,embarrass
1385,emergency
1386,emotional
1387,emphasis
1388,emphasize
1389,empire
1390,employer
1391,employment
1392,enable
1393,encounter
1394,encouragement
1395,enemy
1396,engineering
1397,enhance
1398,enormous
1399,enterprise
1400,entitle
1401,entry
1402,environmental
1403,equal
1404,era
1405,essential
1406,essentially
1407,estate
1408,ethnic
1409,evaluate
1410,evaluation
1411,eventually
1412,eventual
1413,evolution
1414,evolve
1415,examination
1416,examine
1417,exceed
1418,exception
1419,excessive
1420,exchange
1421,excited
1422,exclusive
1423,exclusively
1424,execution
1425,exhibit
1426,exhibition
1427,exile
1428,expansion
1429,expectation
1430,expense
1431,expensive
1432,expertise
1433,explanation
1434,explosion
1435,expose
1436,extend
1437,extension
1438,extensive
1439,extent
1440,extract
1441,extreme
1442,fabric
1443,facility
1444,fade
1445,fame
1446,fan
1447,fantasy
1448,fare
1449,farmer
1450,fascinating
1451,fashion
1452,fate
1453,favor
1454,favorite
1455,featured
1456,fee
1457,feedback
1458,fewer
1459,fiber
1460,fiction
1461,fifth
1462,fifty
1463,fighter
1464,filmmaker
1465,finding
1466,firmly
1467,fishing
1468,fit
1469,fix
1470,flag
1471,flat
1472,flexibility
1473,float
1474,flood
1475,flying
1476,fold
1477,folk
1478,forecast
1479,formula
1480,forth
1481,fortune
1482,fossil
1483,fraction
1484,frame
1485,franchise
1486,frequency
1487,frequent
1488,frustration
1489,fulfill
1490,fun
1491,fundamental
1492,funding
1493,gallery
1494,gap
1495,gear
1496,gender
1497,gene
1498,generate
1499,genetic
1500,genius
1501,gate
1502,gathering
1503,giant
1504,gesture
1505,glad
1506,glimpse
1507,glove
1508,golf
1509,gorgeous
1510,grab
1511,gradually
1512,grain
1513,grand
1514,grandfather
1515,grandmother
1516,grave
1517,gravity
1518,greatly
1519,grocery
1520,guarantee
1521,guardian
1522,guilty
1523,guitar
1524,habitat
1525,halfway
1526,hall
1527,handle
1528,handsome
1529,harbor
1530,hate
1531,headline
1532,headquarters
1533,healing
1534,heavily
1535,heel
1536,helpful
1537,heritage
1538,hero
1539,highlight
1540,highway
1541,hint
1542,historian
1543,honestly
1544,horrible
1545,horror
1546,host
1547,household
1548,humorous
1549,hunt
1550,hypothesis
1551,ideal
1552,identification
1553,illness
1554,illusion
1555,illustrate
1556,immigration
1557,immune
1558,immense
1559,immigrant
1560,implement
1561,imposing
1562,inevitable
1563,initially
1564,inspection
1565,inspiration
1566,inspire
1567,installation
1568,intelligent
1569,intense
1570,interact
1571,internet
1572,intervention
1573,investor
1574,invisible
1575,isolation
1576,jail
1577,jet
1578,jewelry
1579,joint
1580,journalist
1581,judgment
1582,junior
1583,jury
1584,keen
1585,kindly
1586,knock
1587,label
1588,laboratory
1589,lace
1590,landscape
1591,lap
1592,largely
1593,laser
1594,layer
1595,lazy
1596,leadership
1597,lean
1598,leap
1599,lecture
1600,legacy
1601,legitimate
1602,length
1603,lens
1604,lesser
1605,liberal
1606,liberation
1607,lid
1608,lifestyle
1609,limited
1610,literally
1611,literary
1612,locate
1613,logical
1614,lovely
1615,lucky
1616,mainstream
1617,maker
1618,mall
1619,manifest
1620,manner
1621,manufacturing
1622,mass
1623,mate
1624,mayor
1625,meaningful
1626,meanwhile
1627,mechanism
1628,membership
1629,memorial
1630,merely
1631,mess
1632,mine
1633,minimal
1634,minimize
1635,miracle
1636,mix
1637,mixture
1638,mode
1639,moreover
1640,mostly
1641,mount
1642,multiple
1643,municipal
1644,mutual
1645,naked
1646,namely
1647,narrative
1648,nasty
1649,nationwide
1650,negotiate
1651,nerve
1652,newly
1653,nightmare
1654,noble
1655,nod
1656,nominate
1657,nonetheless
1658,noon
1659,norm
1660,normal
1661,northeast
1662,northwest
1663,notable
1664,nowhere
1665,nuclear
1666,nursing
1667,oak
1668,objection
1669,obligation
1670,observer
1671,occasionally
1672,occupation
1673,offensive
1674,ongoing
1675,opening
1676,opponent
1677,oppose
1678,opt
1679,organ
1680,organic
1681,originally
1682,outcome
1683,outfit
1684,output
1685,outsider
1686,outstanding
1687,overcome
1688,overlap
1689,oversee
1690,overwhelming
1691,pack
1692,pale
1693,palm
1694,pant
1695,parade
1696,passenger
1697,passing
1698,passion
1699,passive
1700,pathway
1701,patience
1702,peak
1703,pen
1704,perfectly
1705,permanent
1706,personally
1707,perspective
1708,phase
1709,philosophy
1710,photograph
1711,pile
1712,pink
1713,pitch
1714,plain
1715,pleasure
1716,plot
1717,pocket
1718,poem
1719,poet
1720,poetry
1721,portfolio
1722,portrait
1723,possession
1724,potentially
1725,poverty
1726,praise
1727,prayer
1728,precisely
1729,prediction
1730,preference
1731,pregnant
1732,prep
1733,presentation
1734,preserve
1735,presumably
1736,pride
1737,principal
1738,principle
1739,privately
1740,proceeding
1741,processor
1742,productivity
1743,profile
1744,profound
1745,promising
1746,promote
1747,prompt
1748,proof
1749,properly
1750,prosecutor
1751,protective
1752,province
1753,psychological
1754,publicly
1755,publisher
1756,quest
1757,radar
1758,radical
1759,rage
1760,railroad
1761,rape
1762,rapidly
1763,raw
1764,reaction
1765,realistic
1766,realm
1767,receiver
1768,recovery
1769,recruit
1770,reform
1771,regarding
1772,regional
1773,reinforce
1774,reject
1775,relevance
1776,reliable
1777,relieve
1778,reluctant
1779,remarkable
1780,removal
1781,rent
1782,repeatedly
1783,replacement
1784,request
1785,resolve
1786,restoration
1787,revenue
1788,reverse
1789,revolutionary
1790,rhythm
1791,rifle
1792,robbery
1793,romantic
1794,root
1795,rough
1796,routine
1797,sacred
1798,sadly
1799,sake
1800,sand
1801,satellite
1802,scandal
1803,scholar
1804,scholarship
1805,scope
1806,seasonal
1807,secondary
1808,secretary
1809,segment
1810,selective
1811,self
1812,senator
1813,sensitive
1814,settle
1815,seventh
1816,severe
1817,sexual
1818,shadow
1819,shelter
1820,sheriff
1821,shield
1822,shock
1823,shooting
1824,shore
1825,shortly
1826,shortage
1827,shout
1828,sigh
1829,signature
1830,similarity
1831,similarly
1832,singer
1833,sixth
1834,skilled
1835,slave
1836,slight
1837,slowly
1838,smartphone
1839,software
1840,sole
1841,solidarity
1842,sometime
1843,somewhat
1844,specialist
1845,specifically
1846,spectacular
1847,spending
1848,spiritual
1849,spokesman
1850,spot
1851,spy
1852,squeeze
1853,stare
1854,statistical
1855,statue
1856,steadily
1857,steep
1858,stem
1859,stimulus
1860,stir
1861,storm
1862,strategic
1863,stress
1864,stretch
1865,strip
1866,struggle
1867,subsequent
1868,substantial
1869,suburb
1870,sue
1871,suffering
1872,summit
1873,super
1874,suppliers
1875,suppose
1876,surgeon
1877,surgical
1878,surplus
1879,survive
1880,sustain
1881,symbol
1882,talent
1883,tap
1884,teenager
1885,temple
1886,temporarily
1887,tender
1888,territory
1889,theater
1890,thermal
1891,thin
1892,thoroughly
1893,threaten
1894,till
1895,timing
1896,tobacco
1897,tolerance
1898,tomorrow
1899,tongue
1900,tourism
1901,tournament
1902,trace
1903,tragedy
1904,trail
1905,transformation
1906,translate
1907,tremendous
1908,trend
1909,trick
1910,trim
1911,triumph
1912,tropical
1913,truly
1914,tunnel
1915,twist
1916,ugly
1917,uncertain
1918,undergo
1919,unemployment
1920,unexpected
1921,unfair
1922,unique
1923,universal
1924,unlike
1925,unlikely
1926,update
1927,urban
1928,urge
1929,vacation
1930,valuable
1931,variable
1932,variation
1933,venture
1934,versus
1935,video
1936,violate
1937,virtue
1938,visible
1939,visual
1940,vital
1941,vocabulary
1942,volunteer
1943,wake
1944,wealthy
1945,weird
1946,whenever
1947,wherever
1948,widespread
1949,willing
1950,wire
1951,wisdom
1952,withdraw
1953,workforce
1954,wrap
1955,advocate
1956,affordable
1957,alter
1958,angel
1959,appetite
1960,assist
1961,assumption
1962,authorize
1963,bargain
1964,battery
1965,behalf
1966,beloved
1967,biography
1968,bishop
1969,blade
1970,blessing
1971,bore
1972,bounce
1973,brass
1974,breast
1975,breeze
1976,bronze
1977,buck
1978,cab
1979,cabin
1980,canal
1981,cape
1982,cartoon
1983,casualty
1984,chain
1985,chalk
1986,championship
1987,chaos
1988,chapel
1989,charity
1990,charm
1991,charter
1992,chemistry
1993,choir
1994,circuit
1995,clarity
1996,cliff
1997,clone
1998,cluster
1999,cocktail
2000,coefficient
2001,colony
2002,commence
2003,comparable
2004,compelling
2005,complement
2006,complexity
2007,comply
2008,compute
2009,confession
2010,confident
2011,confuse
2012,consent
2013,conservation
2014,consistent
2015,constitutional
2016,consult
2017,contemplate
2018,contempt
2019,context
2020,conviction
2021,coordinate
2022,cope
2023,countryside
2024,coup
2025,crack
2026,crystal
2027,dam
2028,darkness
2029,deer
2030,deliberately
2031,delivery
2032,democracy
2033,demonstration
2034,density
2035,deputy
2036,derive
2037,desert
2038,diagram
2039,diet
2040,dignity
2041,dimension
2042,diplomat
2043,displacement
2044,disposal
2045,distant
2046,distinct
2047,documentary
2048,dominate
2049,dose
2050,drift
2051,echo
2052,editorial
2053,effectively
2054,elaborate
2055,elderly
2056,embrace
2057,emission
2058,employ
2059,enforce
2060,enthusiasm
2061,entrance
2062,essay
2063,exam
2064,expand
2065,exposure
2066,extraordinary
2067,faculty
2068,fatal
2069,favorable
2070,fierce
2071,filming
2072,flash
2073,folder
2074,footage
2075,forum
2076,foster
2077,foundation
2078,friendship
2079,fuel
2080,function
2081,furniture
2082,gang
2083,generous
2084,genre
2085,ghost
2086,globe
2087,handful
2088,harvest
2089,heaven
2090,helicopter
2091,hollow
2092,homework
2093,horizontal
2094,hosting
2095,hostile
2096,humor
2097,hurricane
2098,illustration
2099,implication
2100,impose
2101,incredible
2102,indication
2103,indigenous
2104,industrial
2105,infection
2106,infectious
2107,ingredient
2108,inject
2109,innovation
2110,inquiry
2111,insert
2112,institute
2113,institutional
2114,insurance
2115,integrate
2116,integrity
2117,intelligence
2118,interpret
2119,invasion
2120,investing
2121,iron
2122,jazz
2123,jurisdiction
2124,justify
2125,killing
2126,kit
2127,latter
2128,launch
2129,lawn
2130,layout
2131,league
2132,leather
2133,lengthy
2134,liberty
2135,likewise
2136,limitation
2137,linguistic
2138,literacy
2139,lobby
2140,log
2141,luxury
2142,margin
2143,marine
2144,marketplace
2145,mathematics
2146,melody
2147,mentor
2148,mercy
2149,metropolitan
2150,migration
2151,moderate
2152,modification
2153,mood
2154,mud
2155,neglect
2156,networking
2157,nutrition
2158,observation
2159,obstacle
2160,offense
2161,operational
2162,organize
2163,oriented
2164,outer
2165,overseas
2166,palace
2167,pan
2168,parish
2169,parking
2170,participation
2171,partnership
2172,passport
2173,patrol
2174,peaceful
2175,peculiar
2176,penalty
2177,pension
2178,pepper
2179,percentage
2180,perception
2181,phenomenon
2182,pickup
2183,pioneer
2184,planet
2185,plenty
2186,plug
2187,plunge
2188,poll
2189,pollution
2190,pope
2191,pose
2192,poster
2193,potato
2194,precise
2195,premium
2196,prescribe
2197,privilege
2198,probe
2199,progressive
2200,prolong
2201,prominent
2202,proportion
2203,prospect
2204,proud
2205,rally
2206,rank
2207,random
2208,rarely
2209,ray
2210,reading
2211,recipe
2212,refugee
2213,regulate
2214,reign
2215,remedy
2216,render
2217,repair
2218,representation
2219,republic
2220,reputation
2221,requirement
2222,rescue
2223,resignation
2224,resistance
2225,resort
2226,respective
2227,restrict
2228,retain
2229,retreat
2230,ridiculous
2231,rival
2232,robot
2233,rotate
2234,route
2235,saint
2236,salary
2237,sanction
2238,scanner
2239,scenario
2240,secular
2241,semester
2242,sensitivity
2243,sequence
2244,severely
2245,shipping
2246,siege
2247,silly
2248,slavery
2249,slim
2250,snap
2251,solar
2252,sophisticated
2253,spare
2254,specification
2255,spectrum
2256,sponsor
2257,spouse
2258,squad
2259,stagger
2260,stake
2261,stance
2262,subtle
2263,succession
2264,supposed
2265,surgery
2266,suspension
2267,sweep
2268,sword
2269,symptom
2270,syndrome
2271,teenage
2272,terminal
2273,terrain
2274,toll
2275,ton
2276,trademark
2277,transition
2278,transmission
2279,transparent
2280,tribe
2281,undermine
2282,unite
2283,unprecedented
2284,utility
2285,valve
2286,vast
2287,verbal
2288,veteran
2289,violation
2290,vocal
2291,volatile
2292,vulnerability
2293,warehouse
2294,wheelchair
2295,whistle
2296,workout
2297,workshop
2298,worldwide
2299,worship
2300,worthy
2301,abstract
2302,accustom
2303,acquisition
2304,addiction
2305,adjacent
2306,administer
2307,adolescent
2308,adoption
2309,adverse
2310,agenda
2311,allege
2312,aluminum
2313,ample
2314,analogy
2315,annually
2316,ape
2317,apparatus
2318,applaud
2319,arbitrary
2320,ash
2321,attain
2322,autonomy
2323,bankrupt
2324,batch
2325,beneficial
2326,bloom
2327,bonus
2328,bracket
2329,breastfeed
2330,bureaucracy
2331,calendar
2332,capability
2333,captive
2334,cater
2335,cement
2336,clash
2337,clip
2338,coin
2339,collaboration
2340,commissioner
2341,compel
2342,competent
2343,compile
2344,compulsory
2345,conceive
2346,consecutive
2347,consolidate
2348,constitute
2349,constraint
2350,contend
2351,contradict
2352,conversion
2353,convict
2354,correlation
2355,correspond
2356,curriculum
2357,damn
2358,dedicate
2359,default
2360,defect
2361,defendant
2362,deployment
2363,deprive
2364,designate
2365,deteriorate
2366,deviation
2367,dictate
2368,diplomatic
2369,displace
2370,dispose
2371,dispute
2372,donation
2373,donor
2374,duration
2375,engagement
2376,equity
2377,evident
2378,exaggerate
2379,exclude
2380,execute
2381,exempt
2382,explicit
2383,exploitation
2384,export
2385,facilitate
2386,fake
2387,fascinate
2388,feasible
2389,fertility
2390,file
2391,flame
2392,fond
2393,forbidden
2394,fragment
2395,freight
2396,garbage
2397,governance
2398,grammar
2399,hierarchy
2400,hydrogen
2401,icon
2402,ideology
2403,implicate
2404,import
2405,indicator
2406,infrastructure
2407,inherent
2408,initial
2409,instructor
2410,intellect
2411,interaction
2412,interference
2413,interior
2414,intermediate
2415,interval
2416,intimate
2417,invade
2418,inventory
2419,invest
2420,isolate
2421,juvenile
2422,landlord
2423,legend
2424,legislature
2425,leisure
2426,liable
2427,lifetime
2428,likelihood
2429,magnitude
2430,mandate
2431,manuscript
2432,mature
2433,maximize
2434,medieval
2435,merge
2436,metaphor
2437,migrate
2438,mild
2439,militia
2440,mobile
2441,molecule
2442,monument
2443,mortality
2444,mounting
2445,neutral
2446,nomination
2447,notion
2448,numerous
2449,oblige
2450,obtain
2451,offset
2452,optical
2453,oral
2454,orient
2455,orthodox
2456,outlet
2457,outweigh
2458,partial
2459,particle
2460,patent
2461,peer
2462,persist
2463,petition
2464,philosophical
2465,physician
2466,plea
2467,plead
2468,portable
2469,portion
2470,posture
2471,predecessor
2472,predominantly
2473,prevail
2474,projection
2475,pronounce
2476,prosecute
2477,quota
2478,racial
2479,ratio
2480,readily
2481,recession
2482,refuge
2483,relay
2484,reliability
2485,resign
2486,resolution
2487,revelation
2488,revision
2489,revolution
2490,rhetoric
2491,rigid
2492,ritual
2493,sentiment
2494,separation
2495,serial
2496,simulate
2497,simultaneous
2498,skeptical
2499,socket
2500,sovereign
2501,spatial
2502,stable
2503,stimulate
2504,straightforward
2505,strand
2506,structural
2507,subordinate
2508,successive
2509,supplement
2510,suppress
2511,surveillance
2512,suspend
2513,sustainable
2514,systematic
2515,tackle
2516,tale
2517,temporary
2518,theology
2519,therapy
2520,thesis
2521,threshold
2522,toxic
2523,trait
2524,transmit
2525,treaty
2526,trigger
2527,undercover
2528,underline
2529,underlying
2530,unfold
2531,utilize
2532,vacancy
2533,valid
2534,venue
2535,via
2536,vessel
2537,volleyball
2538,voluntary
2539,waist
2540,ward
2541,warrant
2542,web
2543,wholesale
2544,adaptation
2545,adequately
2546,administrative
2547,allocation
2548,alongside
2549,ambiguity
2550,appreciation
2551,approximate
2552,beast
2553,bias
2554,blank
2555,buffer
2556,candle
2557,castle
2558,catalog
2559,citizenship
2560,classification
2561,collective
2562,compilation
2563,cone
2564,conscience
2565,corresponding
2566,cotton
2567,dawn
2568,declaration
2569,designation
2570,dialect
2571,diamond
2572,differs
2573,disorder
2574,distinction
2575,divine
2576,empathy
2577,entity
2578,existing
2579,exotic
2580,exploit
2581,feminist
2582,fixture
2583,flesh
2584,formation
2585,founder
2586,fraud
2587,galaxy
2588,genuine
2589,glory
2590,gulf
2591,hardware
2592,hike
2593,horizon
2594,hormone
2595,identical
2596,imagination
2597,impulse
2598,individually
2599,integral
2600,intellectually
2601,interface
2602,irrigation
2603,ivory
2604,jointly
2605,kingdom
2606,lodge
2607,logic
2608,medal
2609,ministry
2610,modify
2611,monetary
2612,monopoly
2613,morale
2614,nevertheless
2615,nursery
2616,orphan
2617,override
2618,overturn
2619,ownership
2620,parallel
2621,passionate
2622,pharmaceutical
2623,pine
2624,pledge
2625,posterior
2626,pottery
2627,practitioner
2628,preceding
2629,preliminary
2630,preservation
2631,previously
2632,primitive
2633,probability
2634,productive
2635,prophet
2636,psychiatric
2637,publication
2638,qualification
2639,racism
2640,reconstruction
2641,referee
2642,rehabilitation
2643,renowned
2644,repetition
2645,resemble
2646,rotation
2647,semiconductor
2648,sexuality
2649,simultaneously
2650,specimen
2651,stabilize
2652,subsidiary
2653,sympathy
2654,therapeutic
2655,tribal
2656,trustee
2657,unify
2658,vacuum
2659,viable
2660,virtually
2661,vulnerable
2662,widow
2663,wildlife
2664,workplace
2665,abolish
2666,accent
2667,accessory
2668,accountability
2669,acquaint
2670,acute
2671,adhere
2672,aerial
2673,aggregate
2674,allowance
2675,altar
2676,anchor
2677,animate
2678,anthem
2679,apt
2680,arch
2681,ashamed
2682,astronaut
2683,ballot
2684,barber
2685,baron
2686,basin
2687,bet
2688,bid
2689,blanket
2690,blaze
2691,blush
2692,boast
2693,cathedral
2694,cedar
2695,celebrity
2696,chorus
2697,civic
2698,cling
2699,compass
2700,conceal
2701,confer
2702,confine
2703,consultancy
2704,contrary
2705,controversy
2706,cooperation
2707,cord
2708,crane
2709,crude
2710,cult
2711,curtain
2712,delegate
2713,depot
2714,descend
2715,dessert
2716,diary
2717,dim
2718,dismiss
2719,draft
2720,drain
2721,drown
2722,dwell
2723,embassy
2724,encompass
2725,endure
2726,enrich
2727,ensue
2728,envelope
2729,erect
2730,essence
2731,exhaust
2732,fairy
2733,feast
2734,feat
2735,feminine
2736,fleet
2737,flexible
2738,flour
2739,forbid
2740,forge
2741,frontier
2742,frost
2743,gallop
2744,gauge
2745,gem
2746,glasses
2747,goat
2748,halt
2749,hay
2750,heir
2751,hemisphere
2752,humidity
2753,impair
2754,incentive
2755,incorporate
2756,influential
2757,inhabit
2758,inland
2759,innocent
2760,inspect
2761,insure
2762,intact
2763,intellectual
2764,interim
2765,intuitive
2766,invoice
2767,jewel
2768,junction
2769,knight
2770,landlady
2771,latitude
2772,legislative
2773,liability
2774,liken
2775,linger
2776,litter
2777,locomotive
2778,loom
2779,lure
2780,magic
2781,manure
2782,marble
2783,marshal
2784,mast
2785,mercury
2786,midst
2787,miniature
2788,monkey
2789,mortgage
2790,myth
2791,niece
2792,notorious
2793,onset
2794,orbit
2795,ounce
2796,outlook
2797,overthrow
2798,oxygen
2799,paradise
2800,parliament
2801,partition
2802,patron
2803,pearl
2804,peasant
2805,peninsula
2806,perceive
2807,pest
2808,philosopher
2809,pier
2810,poultry
2811,prairie
2812,premise
2813,prey
2814,prince
2815,proposition
2816,provoke
2817,pursuit
2818,rainbow
2819,reckon
2820,reside
2821,rivalry
2822,rupture
2823,sanctuary
2824,scaffold
2825,scroll
2826,senate
2827,sensation
2828,sequel
2829,sergeant
2830,simulation
2831,skeleton
2832,span
2833,stab
2834,subscribe
2835,superintendent
2836,supreme
2837,sway
2838,symbolic
2839,synthetic
2840,tail
2841,terminology
2842,textile
2843,throne
2844,torch
2845,trophy
2846,turbulence
2847,tutor
2848,undergraduate
2849,vague
2850,virtual
2851,warrior
2852,welfare
2853,wilderness
2854,worm
2855,worthwhile
