a,a1
abandon,b1
aberration,c1
ability,a2
abjure,c1
aboard,a2
abolish,b1
abolition,b2
about,a1
above,a1
abroad,a2
abrupt,c1
absent,a2
absolutely,a2
absorb,b1
absorbent,b2
abstain,c1
abstract,b1
abstraction,b2
absurd,b2
abundance,b2
abuse,a2
academic,a2
academy,b2
accelerate,b1
accent,a2
accept,a2
acceptable,a2
access,a2
accessible,b1
accident,a2
acclaim,b2
accolade,c1
accommodate,b1
accommodation,b1
accompany,b1
accomplice,c1
accomplish,b1
accomplishment,b2
accord,c1
according,b1
account,b1
accountability,b1
accountable,c1
accountant,b1
accounting,b1
accreditation,c1
accumulate,b2
accumulation,b2
accuracy,b2
accurate,b1
accusation,b1
accuse,b1
ace,b2
ache,b1
achieve,a2
achievement,b1
acid,a2
acknowledge,b1
acknowledgement,b2
acquaint,c1
acquaintance,b2
acquire,b1
acquisition,b2
acquisitive,b2
acre,b1
acrimony,c1
across,a1
act,a1
action,a2
active,a2
actively,b2
activist,b1
activity,a2
actor,a2
actual,a2
actually,a2
acute,b2
adapt,a2
adaptation,b1
add,a1
addiction,b2
addictive,c1
additional,b1
address,b1
adequate,b1
adequately,b2
adhere,c1
adjacent,b2
adjective,b2
adjudicate,c1
adjust,b1
adjustment,b2
administer,b1
administration,b1
administrative,b2
administrator,b1
admiral,b2
admiration,b1
admire,a2
admission,b1
admit,a2
admonish,c1
adolescent,b1
adopt,a2
adoption,b1
adult,a2
advanced,a2
advancement,b2
advantage,a2
advent,b2
adventure,a2
adventurous,b2
adversarial,c1
adversary,c1
adverse,b1
advertise,b1
advertiser,a2
advertising,b1
advice,a2
advise,a2
advocacy,b2
advocate,b2
aerial,b2
aerospace,b2
aesthetic,b2
affair,a2
affection,b1
affidavit,c1
affiliate,b1
affiliation,b2
affirmative,b2
affluent,c1
afford,a2
afraid,a2
african,b1
after,a1
aftermath,b2
afternoon,a1
afterward,b2
afterwards,a2
again,a1
age,a1
agency,a2
agenda,c1
agent,a2
aggrandize,c1
aggravate,c1
aggregate,b2
aggression,b2
aggressive,a2
aging,b1
ago,a1
agony,b1
agrarian,c1
agree,a2
agricultural,b1
agriculture,a2
ahead,a2
aide,b1
aim,a2
air,a1
aircraft,b1
airplane,a2
alarm,a2
album,a2
alcohol,b1
alcoholic,b1
alien,b1
alive,a2
all,a1
allegation,b2
allege,b1
allegedly,b2
allegiance,c1
allegory,b2
alleviate,b2
alliance,b1
allied,b2
alliteration,c1
allocate,b2
allocation,b1
allot,b2
allow,a2
allowance,a2
almost,a1
alone,a2
along,a1
alongside,a2
aloud,a2
already,a1
also,a1
alter,b1
alternative,b1
although,a2
altogether,b1
aluminum,b1
always,a1
am,a1
amalgamate,c1
amalgamation,c1
amateur,b2
amaze,b1
amazed,b1
amazing,a2
ambassador,b1
ambiguity,b2
ambition,a2
ambitious,b1
ambivalent,c1
ameliorate,c1
amend,c1
amendment,b1
amicable,b2
amid,b1
amnesia,c1
amnesty,c1
amount,a2
ample,b2
amusement,a2
an,a1
analogous,c1
analogue,b2
analogy,b2
analyst,b1
anarchist,b2
ancestor,b2
ancestry,b2
anchor,b1
ancient,a2
and,a1
angel,a2
angle,a2
angry,a2
animal,a1
animate,c1
animation,b1
ankle,b2
annex,b2
anniversary,b1
announce,a2
annoy,a2
annual,a2
anomaly,c1
anonymous,b1
another,a1
answer,a1
antagonist,c1
anthropology,c1
anticipate,b1
anticipation,b1
antimicrobial,c1
antique,b2
antithesis,c1
anxiety,b1
anxious,a2
any,a1
anyhow,b1
anything,a1
anyway,b1
apart,a2
apartment,a1
apathy,c1
apex,c1
aphorism,c1
apologize,b2
apology,a2
apostrophe,c1
apparatus,b1
apparent,b1
apparently,b1
appeal,a2
appear,a2
appearance,a2
appease,b2
appellation,c1
appendix,c1
appetite,a2
applaud,b2
apple,a1
appliance,b1
application,a2
appoint,b1
appointment,a2
appreciation,a2
apprehend,c1
apprentice,b2
appropriate,b1
approval,b1
approve,a2
approximate,b2
approximately,b1
april,a1
apron,a2
aptitude,c1
aquatic,b2
arbitrary,c1
arbitration,b2
arcane,c1
architect,b1
architectural,b2
archive,b1
are,a1
area,a1
arena,b1
arguably,b2
argue,a2
arid,c1
aristocrat,c1
arithmetic,b2
arm,a1
armament,c1
army,a2
around,a1
arraign,c1
arrange,a2
arrangement,b1
array,b1
arrest,a2
arrive,a1
arrogant,b2
arrow,b2
art,a1
article,a2
articulate,b1
articulation,c1
artificial,b1
as,a1
ascertain,c1
ascribe,c1
ask,a1
aspect,a2
aspersion,c1
aspiration,b2
aspire,b2
assassination,b2
assault,b1
assemblage,c1
assemble,b2
assembly,b1
assert,b1
assertion,b2
assess,b2
assessment,b1
asset,b2
assign,b1
assignment,a2
assimilate,c1
assist,a2
associate,b1
association,a2
assume,a2
assumption,b1
assurance,b2
astronaut,b1
astronomy,b2
asylum,b2
at,a1
athlete,a2
athletic,b1
atmosphere,a2
atmospheric,b2
atone,c1
atrocity,c1
attach,a2
attack,a2
attempt,a2
attendance,a2
attic,b2
attitude,a2
attract,a2
attraction,b1
attractive,b1
attribution,b2
attrition,c1
auction,a2
audience,a2
audit,b1
augment,c1
august,a1
aunt,a1
auspicious,c1
austerity,c1
authentic,b2
author,a2
authoritative,b2
authority,b1
authorize,b1
autobiography,b1
automatic,b1
automatically,b1
automobile,b1
autonomous,b2
autonomy,b2
autumn,a2
availability,b1
average,a2
aversion,b2
avert,c1
aviation,b1
avocation,c1
avoid,a2
awake,a2
aware,a2
awareness,b1
away,a1
awful,a2
axis,c1
baby,a1
babysitter,a2
bachelor,b1
back,a1
backbone,b2
backdrop,b2
background,a2
backlash,b2
backward,a2
backwards,a2
bacteria,b1
bad,a1
badge,b1
badly,a1
bag,a1
baggage,a2
bail,b2
bailout,b2
balance,a2
balanced,a2
ball,a1
ballet,a2
ballot,b2
bamboo,b2
ban,b1
banana,a1
band,a1
bandage,a2
bandwidth,b2
bank,a1
bankruptcy,a2
banner,b2
bar,a1
barbecue,a2
bargain,b1
barn,a2
barrel,b1
barrier,b1
basement,b1
basic,a2
basically,b1
basis,a2
basket,a1
bat,a2
batch,b1
bath,a1
bathroom,a1
battalion,b2
battered,c1
battery,a2
battle,a2
bay,a2
be,a1
beach,a2
beam,b1
bean,a1
bear,a1
beard,a2
beat,a2
beautiful,a1
beauty,a2
because,a1
become,a1
bed,a1
bedroom,a1
beef,a2
before,a1
begin,a1
behalf,b1
behave,a2
behavioral,b2
behind,a1
belief,b1
believe,a1
bell,a1
belligerent,c1
belong,a2
beloved,b1
below,a1
belt,a1
bench,b1
benchmark,b1
bend,a2
beneath,a2
benevolent,c1
benign,c1
bequest,c1
berry,b1
beside,a2
besides,a2
best,a1
bet,a2
betrayal,b2
better,a1
between,a1
beyond,b1
bias,b1
bid,b2
bifurcation,c1
big,a1
bike,a1
bill,a2
billboard,b2
billion,a2
bind,b2
bio,b1
biodiversity,c1
biographical,b2
biography,b1
biological,b1
biology,a2
bipartisan,b2
bird,a1
birthday,a1
bit,a1
bite,a2
bizarre,b2
black,a1
blackout,b2
blade,b1
blame,a2
bland,c1
blank,a2
blanket,a1
blasphemy,c1
blast,b1
blatant,c1
bleak,c1
blend,a2
bless,a2
blessing,b1
blind,a2
block,a1
blog,a2
blood,a2
bloody,b1
bloom,b2
blossom,b1
blow,a1
blue,a1
blueprint,b2
blunt,b1
board,a1
boast,b2
boat,a1
body,a1
boisterous,c1
bold,b1
bomb,a2
bombard,b2
bombardment,b2
bona,c1
bond,b1
bone,a1
bonus,b1
book,a1
bookmark,b2
boom,b1
boost,b1
booth,b1
border,a2
bore,a2
boring,a2
born,a2
borrow,a2
boss,a2
botany,b2
both,a1
bottle,a1
bottleneck,c1
bottom,a1
bounce,b1
bound,b1
boundary,b1
bourgeois,c1
bowl,a1
box,a1
boxing,b2
boy,a1
boycott,b2
bracket,b1
brain,a1
branch,b1
brand,b1
brass,a2
brave,a2
breach,b2
bread,a1
breadth,b2
break,a1
breakfast,a1
breakthrough,b2
breast,b1
breath,a2
breed,b1
brevity,c1
brew,a2
brick,a2
bride,b1
bridge,a1
brilliant,a2
bring,a1
brink,c1
broad,a2
broadband,c1
broadcast,a2
broadly,b2
brochure,b2
broker,b2
bronze,b1
brook,a2
brother,a1
brown,a1
browse,b2
brush,a1
brutal,b2
brutality,b2
bubble,a2
buck,b1
bucket,b1
buddy,b1
budget,a2
buffalo,b2
build,a1
bulge,b2
bulk,b1
bull,a2
bunch,a2
burden,a2
bureau,b2
bureaucracy,b1
bureaucrat,c1
bureaucratic,b2
burial,b1
burn,a1
bus,a1
business,a1
busy,a1
but,a1
butter,a1
butterfly,b2
button,a1
buy,a1
by,a1
bye,a1
bypass,b1
cab,b1
cabin,a2
cabinet,b1
cable,b1
cache,c1
cafe,b1
cake,a1
calcium,a2
calculate,b1
calculation,b2
calendar,b2
calibrate,c1
calibration,b2
call,a1
calling,b2
calm,a2
calorie,b2
camera,a1
camouflage,b2
camp,a1
campaign,a2
campus,b1
can,a1
canal,a2
cancel,a2
candid,c1
candle,a2
canon,b2
canopy,c1
cap,a1
capability,b1
capable,b1
capacity,b1
capitalism,b1
capitalize,b2
capitulate,c1
capsize,b2
capsule,b2
captain,a1
caption,b2
captive,b2
capture,a2
car,a1
carbon,a2
carcinogen,c1
card,a1
cardinal,b2
care,a1
career,a2
careful,a2
carefully,a2
carnival,b2
carpet,a2
carrier,b1
carry,a1
cartoon,b1
carve,b2
cascade,b1
case,a2
cash,a2
casino,b2
cast,b1
castle,a1
casual,a2
casualties,c1
casualty,b2
cat,a1
catalog,b1
catalogue,b1
catalyst,b2
catch,a1
categorize,b2
category,a2
cater,c1
cattle,a2
cause,a2
caustic,c1
caution,b1
caveat,c1
cease,c1
ceiling,a2
celebrate,a2
celebration,b1
celebrity,b1
celestial,c1
cellular,b1
cemetery,b2
census,b2
cent,a1
center,a1
centerpiece,b2
central,a2
centralize,b2
century,a2
cereal,b2
cerebral,b2
ceremony,a2
certainty,b1
cessation,c1
chain,a2
chair,a1
chairman,b1
challenge,a2
chamber,b1
champagne,b2
champion,a2
championship,a2
chance,a1
chancellor,b1
change,a1
channel,b1
chaos,b1
chapel,b1
chapter,b1
character,a2
characteristic,a2
characterize,b1
charge,a2
charitable,b2
charity,a2
charm,b1
chart,a2
charter,b1
chase,a2
chat,a2
cheap,a1
check,a2
checkpoint,b2
cheek,a1
cheer,a2
cheese,a1
chef,a2
chemical,b1
chemistry,a2
chicken,a1
child,a1
childhood,a2
children,a1
chin,a1
chip,a2
chocolate,a2
choir,b2
choose,a1
chord,b2
chorus,b2
chronic,b1
chronicle,b1
chronological,b2
chunk,b1
church,a1
cigarette,b1
cipher,b2
circle,a1
circuit,b1
circumscribe,c1
circumstance,a2
circumvent,b2
citation,b1
cite,b1
citizen,a2
city,a1
civic,b2
civil,a2
civilian,b1
civilization,a2
clad,c1
claim,b1
clamp,c1
clandestine,c1
clarity,b1
clash,b1
class,a1
classic,b1
classical,a2
classification,b2
classify,b1
classroom,a1
clay,b2
clean,a1
clear,a1
clearance,b2
clearly,a2
clergy,b2
clerk,a2
clever,a2
click,b1
client,a2
clientele,b2
cliff,a2
climate,a2
climax,b2
climb,a1
climbing,a2
cling,b2
clinic,a2
clinical,b1
clip,b1
cloak,b2
clock,a1
close,a1
closely,b1
clothes,a1
clothing,a2
cloud,a1
cluster,a2
coach,a2
coal,a2
coalesce,c1
coalition,b1
coat,a1
cocktail,b1
codify,c1
coerce,c1
coercion,c1
coffee,a1
cognitive,b1
cognizant,c1
coherence,b2
coherent,c1
coin,a1
coincide,b2
coincidence,b1
cold,a1
collaborate,b2
collaboration,b1
collaborative,b2
collapse,a2
collar,b2
collateral,b2
colleague,a2
colleagues,b2
collect,a1
collection,a2
collective,b1
collector,b1
colloquial,c1
colonial,b1
colony,a2
color,a1
column,a2
comb,a1
combat,b1
combination,a2
combine,b1
come,a1
comedy,a2
comfort,a2
comfortable,a2
command,a2
commander,a2
commemorate,c1
commemorative,b2
commence,b1
commentary,b1
commerce,b1
commercial,a2
commission,a2
commissioner,b1
commit,b1
commitment,b1
committee,b1
commodify,c1
commodity,b1
common,a1
communicate,a2
communication,a2
communion,b2
communist,b2
community,a2
companion,a2
comparable,b1
compare,a2
comparison,a2
compatible,b1
compel,b1
compelling,b1
compensate,b1
compensation,b1
compete,a2
competence,b1
competent,b1
competition,a2
competitor,a2
compilation,b2
compile,b1
complacent,c1
complain,a2
complaint,a2
complement,b2
complete,a2
completely,a2
complex,a2
complexity,b1
compliance,b2
compliant,b2
complication,b1
complicit,c1
comply,b1
component,b1
compose,a2
composition,b1
compositor,b2
compound,b2
comprehend,b2
comprehensive,a2
comprise,c1
compromise,b1
compulsion,c1
compulsory,b1
computer,a1
conceal,c1
concede,b2
conceive,b2
concentrate,a2
concentration,b1
concern,a2
concerned,a2
concession,b2
conclude,a2
conclusion,a2
concomitant,c1
concrete,a2
condemn,b2
condition,a2
condone,c1
confederation,b2
confer,c1
conference,a2
confess,a2
confession,b2
confidence,a2
confident,a2
confidential,b1
configuration,b2
confine,b2
confirm,a2
confirmation,b1
confiscate,c1
confiscation,b2
conflagration,c1
confront,b1
confrontation,b2
confuse,b1
confusion,a2
congregation,b1
congressional,b1
conjecture,c1
conjunction,b2
connect,a2
connection,a2
conquer,b2
conscience,b2
conscientious,c1
consciously,b2
consciousness,a2
conscription,b2
consecutive,c1
consensus,b1
consent,b2
consequence,a2
consequently,b1
conservation,b1
conservative,a2
consider,a2
considerable,a2
considerably,b1
consideration,b1
consign,c1
consist,b1
consistent,b1
consolidate,b2
consolidated,b2
consolidation,c1
consortium,c1
conspiracy,b2
constantly,b1
constellation,b2
constituent,c1
constitutional,b2
constitutionalist,b2
constraint,c1
construct,a2
construction,a2
construe,c1
consult,a2
consultant,b1
consultation,b2
consume,b1
consumer,a2
consumption,a2
contagious,c1
contain,a2
contemplate,b2
contemplation,b2
contemporary,a2
contempt,b2
contemptuous,c1
contend,b2
content,a2
contention,b2
contest,a2
context,b1
continent,a2
contingent,c1
continue,a2
continuity,c1
contraband,c1
contractor,b1
contradict,c1
contradiction,b2
contradictory,c1
contravene,c1
contribute,a2
contribution,a2
contributor,b2
control,a2
controversial,b1
controversy,b1
convalesce,c1
convenience,a2
convenient,a2
convention,a2
converge,c1
convergent,c1
conversation,a2
conversational,b2
conversely,c1
conversion,b1
convey,b2
convict,c1
conviction,b1
convince,a2
convivial,c1
convoluted,c1
convoy,b2
cook,a1
cookie,a1
cool,a1
cooperate,b1
cooperation,a2
cooperative,b2
coordinate,b1
coordination,b2
cope,b1
copious,c1
copy,a2
copyright,b1
core,a2
corn,a1
corner,a1
corporal,c1
corporate,b1
corporation,b1
correct,a1
correction,a2
correlate,b2
correlation,c1
correspond,a2
correspondence,b2
correspondent,b1
corridor,b1
corroborate,c1
corrode,c1
corruption,b1
cost,a1
costume,b1
cottage,b1
cotton,a2
could,a1
counsel,b1
counselor,b2
count,a1
counter,b1
counteract,c1
counterfeit,c1
counterpart,b2
countless,a2
country,a1
county,b1
couple,a2
courage,a2
course,a1
courtesy,b2
covenant,c1
cover,a1
coverage,b1
covert,c1
cow,a1
cozy,b2
crack,b1
crackdown,b2
craft,b1
crane,b1
crash,a2
cream,a1
create,a2
creative,a2
creativity,b2
creature,a2
credence,c1
credential,c1
credibility,b1
creditor,b2
creed,b2
crew,a2
cricket,b1
crime,a2
criminal,a2
criterion,b1
criticism,a2
criticize,b1
critique,b2
crop,a2
cross,a1
crowd,a2
crown,a1
crucial,b1
cruel,a2
cruelty,b2
crush,b1
cry,a1
crystal,b1
cuisine,b2
culminate,c1
culmination,b2
culpable,c1
cultural,a2
culture,a2
cumbersome,c1
cup,a1
curate,c1
curator,b2
curb,c1
cure,b1
curiosity,a2
curious,b1
curly,a1
currency,a2
curriculum,b1
curtail,c1
curve,a2
cushion,a1
custody,b1
custom,a2
customer,a2
cut,a1
cutting,b1
cycle,a2
cynic,c1
cynical,c1
cynicism,b2
dad,a1
daily,a2
dairy,b2
dam,b1
damage,a2
dance,a1
danger,a2
dangerous,a2
dark,a1
data,a2
database,a2
daughter,a1
daunting,c1
dawn,a2
day,a1
dead,a2
deadline,b1
deaf,a2
deafen,b2
deal,a2
dealer,b1
dean,b2
dear,a1
dearth,c1
death,a2
debacle,c1
debase,c1
debate,a2
debilitate,c1
debris,b2
debt,b1
debunk,c1
debut,b1
decade,b1
decay,a2
deceive,a2
december,a1
decent,b1
decentralize,c1
deception,b2
decide,a1
decimal,b2
decipher,c1
decision,a2
decisive,b2
declaration,a2
declare,b1
decline,b1
decompose,b2
decorate,a2
decoration,b1
decorum,c1
decrease,a2
decree,b2
dedicate,c1
dedication,b2
deem,c1
deep,a1
deer,a1
defamation,b2
default,b1
defect,b2
defend,b1
defender,b1
defer,c1
deference,c1
defiance,b2
deficiency,b1
deficit,b1
definitely,b1
definition,a2
definitive,c1
deforestation,c1
deft,c1
degrade,c1
degree,a2
deity,b2
delay,a2
delegate,c1
delegation,b2
deliberate,b1
deliberately,b1
deliberation,b2
delicate,b2
delight,b2
delineate,c1
delinquent,c1
deliver,a2
deluge,c1
demand,a2
demise,c1
democracy,a2
democrat,b1
democratic,b1
demographic,b1
demolish,c1
demon,b2
demonstrate,a2
demonstration,b1
denomination,b2
denote,c1
dense,c1
density,b2
denunciate,c1
deny,b1
department,a2
departure,a2
depend,a2
dependence,b2
dependent,a2
depict,b2
deplete,c1
deploy,b2
deployment,b2
deposit,a2
deposition,c1
depreciate,c1
depreciation,b2
depression,a2
deprive,b2
deputy,b1
deregulate,c1
derelict,c1
derivative,c1
derive,b1
describe,a2
description,a2
desert,a2
deserve,a2
design,a2
designate,b2
designer,b1
desirable,b2
desire,a2
desk,a1
desktop,b1
desperate,b1
desperately,b1
despite,a2
despondent,c1
destination,b1
destiny,b2
destruction,b1
detect,b1
detection,b2
detective,a2
detention,b1
deter,c1
deteriorate,b2
deterioration,c1
determination,a2
detrimental,c1
devastate,b2
develop,a2
developer,b1
development,a2
deviate,c1
deviation,b2
device,a2
devil,b1
devise,c1
devolution,c1
devotion,b2
diabetes,b2
diagnose,b2
diagnosis,b2
diagram,b1
dialect,b1
dialog,b1
dialogue,a2
diary,b1
dichotomy,c1
dictate,b1
dictatorship,b2
dictionary,a1
die,a1
diesel,b2
diet,a2
dietary,b1
differ,a2
different,a1
differential,b2
differentiate,c1
difficult,a1
diffuse,c1
dig,a2
digital,a2
dignity,b2
digression,c1
dilapidated,c1
dilemma,b2
dimension,a2
diminish,b1
dinner,a1
diploma,b2
diplomacy,b2
diplomat,b1
diplomatic,b2
direction,a1
directive,b2
director,a2
dirty,a1
disability,a2
disabled,a2
disappear,a2
disappoint,a2
disarmament,b2
disaster,a2
discard,c1
discern,c1
discharge,b1
discipline,a2
disclaimer,b2
disclose,b1
discordant,c1
discount,a2
discourse,b1
discover,a2
discovery,a2
discrepancy,c1
discrete,b2
discretion,c1
discretionary,c1
discrimination,b1
discussion,a2
disenchant,c1
disenfranchise,c1
disgusting,a2
dish,a1
disheveled,c1
disingenuous,c1
dismantle,c1
dismiss,a2
disorder,b1
disparage,c1
disparity,c1
disperse,c1
displace,c1
displacement,b1
display,b1
disposal,b1
disposition,b2
dispute,a2
disregard,c1
disrupt,c1
disruption,c1
disseminate,b2
dissent,c1
dissertation,b2
dissipate,c1
dissolve,c1
distance,a2
distant,a2
distill,c1
distinct,a2
distinction,a2
distinctive,b1
distinctly,c1
distinguish,a2
distort,b2
distribute,b2
distribution,a2
disturb,a2
disturbance,b2
diverge,c1
divergence,c1
divergent,b2
diverse,b1
diversion,c1
diversity,b1
divide,a2
dividend,b2
divine,b1
divorce,b1
do,a1
dock,b2
doctor,a1
doctrine,b1
document,a2
documentary,a2
documentation,b1
dog,a1
dogma,c1
dogmatic,c1
doll,a1
dollar,a1
domain,b1
domestic,a2
dominance,c1
dominant,b1
dominate,a2
dominican,b2
dominion,b2
donate,b2
donation,b1
donor,b1
door,a1
dormant,c1
dose,b1
double,a2
doubt,a2
down,a1
downfall,b2
downstairs,a1
downtown,a2
downturn,b2
downward,c1
dozen,a2
draft,b1
draftsman,b2
drag,a2
drainage,b2
dramatic,a2
dramatically,b1
drastic,c1
draw,a1
drawing,a2
dread,b2
dream,a1
dress,a1
drift,b1
drink,a1
drive,a1
driver,a1
drop,a1
drought,b2
drum,a1
dry,a1
duck,a1
dull,a2
dump,a2
duplication,b2
durable,b2
duration,b1
during,a1
dust,a1
duty,a2
dwell,b2
dynamic,a2
dynamics,b1
each,a1
eager,a2
ear,a1
early,a1
earn,a2
earth,a1
earthquake,b2
ease,b1
east,a1
eastern,a1
eat,a1
ebullient,c1
ecclesiastical,c1
echelon,c1
ecological,b1
economic,a2
economically,b2
economy,a2
ecosystem,b1
edge,a2
edification,b2
edition,b1
editor,b1
editorial,a2
education,a2
effect,a2
effectively,b1
effectiveness,b1
efficacy,c1
efficiency,b1
efficient,a2
efficiently,b1
effluent,c1
effort,a2
egalitarian,c1
egg,a1
eight,a1
eighteen,a1
eighth,a1
eighty,a1
either,a2
elaborate,b1
elderly,b1
election,a2
electoral,b1
electorate,b2
electricity,a2
electrode,b2
electronic,a2
elegance,b2
elegant,a2
element,b1
elementary,a2
elephant,a1
elevation,b2
eleven,a1
elicit,c1
eligible,b1
eliminate,a2
elimination,b1
elite,b1
eloquent,c1
elsewhere,a2
elucidate,c1
email,a1
emanate,c1
emancipate,c1
embargo,b2
embarrassment,b2
embassy,b1
embed,c1
embellish,c1
embezzle,c1
embodiment,b2
embody,c1
embrace,b1
embroil,c1
emergence,b2
emergency,a2
emigrate,b2
eminent,c1
emission,a2
emotion,a2
emotional,b1
emotionally,b2
empathy,b2
emperor,b2
emphasis,b1
emphasize,b1
empire,a2
empirical,b2
employ,a2
employee,a2
employer,a2
employment,a2
empower,b2
empowerment,b2
empty,a1
emulate,c1
enable,a2
enact,b2
enactment,c1
encapsulate,c1
encompass,b2
encounter,b1
encourage,a2
encroach,c1
encumber,c1
encyclopedia,b2
end,a1
endeavor,b1
endemic,c1
endless,a2
endorse,b1
endowment,c1
endurance,b2
endure,b1
enemy,a1
energy,b1
enforce,b1
enforcement,b1
engage,a2
engagement,b1
engender,c1
engine,a1
engineer,a2
engineering,a2
enhance,c1
enhanced,b2
enigma,c1
enjoy,a1
enjoyment,a2
enlighten,c1
ennui,c1
enormous,a2
enough,a1
enrollment,b2
entail,c1
enter,a1
enterprise,a2
entertainment,a2
enthusiasm,a2
enthusiastic,b1
entire,a2
entity,b1
entrance,a1
entrepreneur,b1
entrepreneurial,b2
entry,a2
enumeration,c1
envelope,a1
environment,a2
environmental,b1
envision,b2
envoy,b2
epidemic,b2
episode,b1
epitome,c1
epoch,c1
equal,a2
equality,a2
equally,b1
equanimity,c1
equate,b2
equation,b2
equator,b2
equip,b2
equipment,a2
equitable,c1
equity,b1
equivalence,b2
equivalent,b2
equivocal,c1
era,a2
eradicate,c1
erode,c1
erosion,b1
errant,c1
erratic,b2
error,a2
eruption,b2
escalate,b2
escalation,b2
escape,a2
eschew,c1
escort,b1
esoteric,c1
especially,a2
espionage,c1
essay,a2
essence,b2
essential,a2
essentially,b1
establish,a2
estate,a2
esteem,c1
estimate,b1
eternal,b2
ethic,b1
ethical,b1
ethics,b1
ethnic,a2
etiquette,b2
etymology,c1
euphemism,c1
euro,b2
evacuate,b2
evaluate,a2
evaluation,b1
evanescent,c1
evangelical,b2
evasion,b2
even,a1
evening,a1
event,a2
eventual,b1
eventually,a2
ever,a1
every,a1
everybody,a1
everyone,a1
everything,a1
everywhere,a1
evict,c1
evidence,a2
evident,a2
evil,a2
evoke,c1
evolution,b1
evolve,b1
exacerbate,c1
exact,a2
exactly,a2
exaggerate,b2
exaggeration,b2
exam,a1
examination,a2
examine,a2
example,a1
exasperate,c1
excavate,b2
excavation,b2
exceed,b1
exceedingly,c1
excellent,a2
except,a2
exception,a2
exceptional,b2
excerpt,c1
excess,b2
excessive,b1
exchange,a2
excise,b2
excited,a1
excitement,a2
exciting,a2
exclude,b1
exclusion,b2
exclusive,a2
exclusively,b1
excoriate,c1
excuse,a2
execute,b1
execution,b1
executive,a2
exemplify,c1
exempt,b1
exemption,b2
exercise,a1
exert,c1
exhaust,b2
exhibit,b1
exhibition,a2
exhibitor,b2
exhort,c1
exile,b2
exist,a2
exodus,c1
exonerate,b2
exotic,b2
expand,a2
expansion,a2
expect,a2
expectation,b1
expedient,c1
expedite,c1
expedition,b1
expense,b1
expensive,a1
experience,a2
experiment,a2
expert,a2
expertise,b1
explain,a2
explanation,a2
explicit,b1
exploit,b2
exploitation,b2
exploration,a2
explore,a2
explosion,b1
explosive,b1
exponent,c1
exponential,b2
export,a2
expose,a2
exposition,b2
exposure,b1
express,a2
expression,a2
extemporaneous,c1
extend,a2
extension,b1
extensively,b1
extent,b1
extenuate,c1
exterior,b2
external,a2
extinction,b2
extra,a1
extract,b1
extradite,c1
extraordinary,a2
extravagant,c1
extreme,a2
extricate,c1
exuberant,c1
eye,a1
eyebrow,b2
eyewitness,b2
fabric,a2
fabricate,b2
fabrication,b2
face,a1
facet,c1
facile,c1
facilitate,b2
facilitation,b2
facility,a2
fact,a1
faction,b2
factor,a2
factorial,b2
factory,a1
faculty,b1
fail,a2
fair,a2
fairly,a2
fairy,a1
faith,a2
fall,a1
fallacious,c1
false,a2
fame,b1
family,a1
famine,b2
famous,a2
fan,a1
fanatical,c1
fancy,a2
fantasy,b1
far,a1
fare,a2
farm,a1
farming,b1
fascinate,b2
fascinating,b1
fascination,b2
fascism,b2
fashion,a2
fast,a1
fastidious,c1
fatal,a2
fate,b1
father,a1
fatuous,c1
fault,a2
favor,a2
favorable,b1
favorite,a1
fear,a2
feasibility,b2
feasible,b2
feast,a2
feature,a2
featured,b1
february,a1
federal,a2
federalism,c1
fee,b1
feed,a2
feel,a1
fellow,b1
female,a2
feminist,b1
fence,a1
fertility,b1
fervent,c1
festival,a2
few,a1
fiber,a2
fibre,c1
fiction,a2
fide,c1
fidelity,b2
field,a1
fierce,a2
fifteen,a1
fifth,a1
fifty,a1
fight,a2
figurative,b2
figure,a2
fill,a1
film,a1
filter,b2
final,a2
finally,a2
finance,b1
financial,a2
find,a1
fine,a1
finger,a1
finish,a1
fire,a1
firm,a2
first,a1
fiscal,b1
fish,a1
fit,a2
five,a1
fix,a1
fixture,b1
flag,a1
flagship,c1
flamboyant,c1
flame,a2
flash,a2
flat,a1
flatter,b2
flavor,b1
flaw,c1
flee,b1
fleet,b1
flesh,a2
flew,a1
flexibility,b1
flight,a2
flip,b1
float,a2
flock,b1
flood,a2
floor,a1
florid,c1
flotation,b2
flourish,b2
flow,a2
flower,a1
fluctuate,b2
fluctuation,c1
fluency,b2
fluid,b1
fly,a1
focal,c1
focus,a2
fold,a1
folk,a2
folklore,b2
follow,a2
follower,c1
following,a2
foment,c1
food,a1
fool,a2
foot,a1
footage,b1
football,a2
footprint,c1
for,a1
forbid,a2
force,a2
forecast,a2
foreground,b2
foreign,a2
foreigner,b2
forest,a1
forestall,c1
forestry,b2
forever,a2
forge,b2
forget,a1
fork,a1
formal,a2
format,a2
former,a2
formerly,b1
formidable,b2
formula,b1
formulation,c1
forthcoming,c1
fortification,b2
fortify,c1
fortuitous,c1
fortune,a2
forty,a1
forum,b1
forward,a2
fossil,b1
foster,b1
found,a2
foundation,a2
founding,b1
fountain,b1
four,a1
fourteen,a1
fox,a1
fracas,c1
fraction,b1
fracture,b2
fragment,b1
fragmentation,c1
frame,a2
framework,a2
franchise,b1
fraught,c1
free,a1
freedom,a2
freeze,a1
freight,b1
frenetic,c1
frenzy,c1
frequency,b1
frequent,a2
fresh,a2
friction,b1
friday,a1
fridge,a2
friend,a1
friendly,a1
frighten,a2
frivolous,c1
frog,a1
from,a1
front,a1
frontier,a2
frost,a2
fruit,a1
fruitful,b2
fruition,c1
frustrate,b1
frustration,a2
fuel,a2
fulfill,b2
fulfillment,b1
full,a1
fun,a1
function,a2
functional,b1
fundamental,b1
funding,b1
fundraising,b2
funny,a1
furnish,b2
furniture,a2
furtive,c1
fury,b1
fusion,b1
futile,c1
future,a1
galaxy,b2
gallery,a2
galvanize,c1
gambling,b1
game,a1
gang,b1
gap,a2
garage,a2
garden,a1
garner,c1
garrison,b2
garrulous,c1
gate,a1
gather,a2
gaze,b1
gazette,b2
gear,a2
gender,a2
gene,b2
general,a2
generate,b1
generation,a2
generous,b1
genesis,c1
genetic,b1
genius,a2
genocide,b2
genre,b2
genteel,c1
gentle,a2
gentleman,a2
genuine,a2
geometry,b1
geopolitical,c1
geopolitics,b2
germane,c1
gesticulate,c1
gesture,a2
get,a1
ghost,a2
giant,a2
gift,a1
girl,a1
give,a1
given,a2
glad,a1
glance,b1
glare,c1
glass,a1
glimpse,b1
global,a2
globalization,b2
globe,b1
glory,b1
glove,a1
go,a1
goal,a1
gold,a1
golden,a2
golf,b2
good,a1
goodbye,a1
gorgeous,b1
govern,c1
governance,b1
government,a2
governor,b2
grab,a1
grace,b2
graceful,b2
grade,a1
gradient,b2
gradual,a2
gradually,a2
graduate,b1
grain,a2
grammar,a2
grand,a2
grandchild,a2
grandfather,a1
grandiose,c1
grandmother,a1
granite,b2
grape,a1
graphic,b1
grasp,b2
grass,a1
grassroots,b2
grateful,b1
gratify,c1
gratuitous,c1
grave,b1
gravity,a2
great,a1
green,a1
gregarious,c1
grey,a1
grief,b1
grievance,b2
grip,b1
grocery,b2
gross,b1
ground,a1
group,a1
grow,a1
guarantee,a2
guard,a2
guardian,b1
gubernatorial,c1
guerrilla,b1
guess,a1
guest,a2
guidance,a2
guide,a2
guideline,b1
guild,b1
guile,c1
guilt,b2
guilty,a2
guitar,a1
guy,a1
gym,a2
habit,a2
habitat,b2
hackneyed,c1
hair,a1
half,a1
halfway,b1
hall,a2
hallmark,b2
halt,b1
ham,a1
hand,a1
handful,b1
handicap,c1
handle,a2
handler,b1
hang,a1
hapless,c1
happen,a1
happy,a1
harangue,c1
harass,c1
harassment,b1
harbinger,c1
harbor,a2
hard,a1
hardly,a2
hardware,b2
harm,a2
harmonize,b2
harness,c1
harsh,b1
harvest,a2
hat,a1
hate,a1
hatred,b1
haughty,c1
have,a1
haven,b2
hay,b2
hazard,b2
hazardous,b2
he,a1
head,a1
headline,a2
headquarters,b1
heal,b1
health,a2
healthy,a2
heap,a2
hear,a1
heart,a1
heat,a2
heaven,a2
heavy,a1
heed,c1
hegemony,c1
height,a2
heighten,b2
heinous,c1
helicopter,b2
hello,a1
help,a1
helper,b1
helpful,a2
her,a1
herbicide,c1
here,a1
hereditary,b2
heretical,c1
heritage,b1
hero,a2
hesitate,a2
heyday,c1
hiatus,c1
hierarchy,b1
high,a1
highlight,a2
highly,a2
him,a1
hinder,c1
hip,b2
hire,a2
his,a1
historian,b1
historic,b1
historical,a2
hit,a1
hold,a1
hole,a1
holiday,a1
holistic,b2
hollow,b2
homage,b2
home,a1
homeland,b1
homeless,a2
homogeneous,c1
honest,a2
honey,a1
hope,a1
horizon,a2
hormone,b1
horror,b1
horse,a1
hospital,a1
hostile,b1
hostility,b2
hosting,b1
hot,a1
hotel,a1
hour,a1
house,a1
household,b1
how,a1
hubris,c1
huge,a2
humanitarian,b2
humidity,b2
humility,c1
humor,a2
hundred,a1
hungry,a1
hunt,a2
hurricane,b1
hurry,a1
hurt,a2
husband,a1
hybrid,b2
hydraulic,b2
hydrogen,a2
hygiene,b2
hyperbole,c1
hypocrisy,b2
hypothesis,b1
i,a1
ice,a1
icon,b2
iconoclast,c1
idea,a1
ideal,a2
identical,b1
identification,b1
identify,a2
identity,a2
ideological,b2
ideology,b1
idiosyncrasy,c1
if,a1
ignoble,c1
ignorance,a2
ignore,a2
ill,a1
illegal,a2
illicit,c1
illness,a2
illuminate,b2
illusion,b2
illustrate,a2
illustration,b1
image,a2
imagination,a2
immaculate,c1
immediate,a2
immediately,a2
immense,b1
immerse,b2
immersion,b2
immigrant,b1
immigration,b1
imminent,c1
immune,b1
immunity,b2
impact,a2
impair,c1
impairment,b2
impartial,c1
impeccable,c1
impede,c1
impediment,b2
imperative,c1
imperial,b2
impervious,c1
implement,b1
implementation,b2
implicate,c1
implication,b1
implicit,b2
implore,c1
import,a2
important,a1
importation,b2
impose,b1
impostor,c1
impoverish,c1
impregnable,c1
impress,a2
impression,a2
imprisonment,b2
impropriety,c1
improve,a2
improvement,a2
improvise,b2
impugn,c1
impulse,a2
in,a1
inability,b2
inadequate,b1
inadvertent,c1
inappropriate,b2
inaugural,c1
incandescent,c1
incarcerate,c1
incentive,b1
inception,b2
incessant,c1
incidence,b1
incident,a2
incipient,c1
incisive,c1
inclination,b2
incline,c1
include,a2
incognito,c1
income,a2
incongruous,c1
incorporate,b1
increase,a2
incredible,b2
incredulous,c1
increment,b2
incremental,c1
incumbent,b2
incur,c1
indelible,c1
indemnify,c1
indemnity,c1
independence,b1
independent,a2
indeterminate,c1
index,b1
indicate,a2
indication,b1
indicator,b1
indictment,b2
indifferent,c1
indigenous,b1
indiscriminate,c1
indispensable,c1
individual,a2
indoctrinate,b2
indolent,c1
indomitable,c1
induce,b2
induction,b2
indulge,b2
industrial,a2
industrialize,b2
industry,a2
ineffable,c1
inequality,b2
inertia,c1
inevitable,b1
inexorable,c1
infallible,c1
infant,b1
infantry,b2
infection,a2
inference,b2
inflammatory,c1
inflation,a2
inflict,c1
influence,a2
influential,b2
influx,b2
inform,a2
information,a1
infrastructure,b2
infringe,c1
infringement,b2
ingenious,c1
ingredient,a2
inhabit,b2
inherent,b2
inherit,b1
inheritance,b2
inhibit,b2
initial,a2
initially,b1
initiate,b2
initiation,b2
initiative,b1
inject,a2
injection,b1
injunction,b2
injury,a2
inner,a2
innocent,a2
innocuous,c1
innovation,b1
innovative,b1
innuendo,c1
inquiry,b1
inquisitive,c1
inscription,b2
inscrutable,c1
insect,a1
insecurity,b2
insert,b2
inside,a1
insider,b2
insidious,c1
insistence,b2
insolvency,b2
insolvent,c1
inspect,b1
inspection,a2
inspiration,b1
install,a2
installation,b1
installment,b2
instance,b1
instantaneous,c1
instigate,c1
institute,c1
institution,a2
institutional,b1
instruction,a2
instrumental,b2
insufficient,b2
insular,c1
insurance,a2
insurgency,b2
insurgent,c1
intact,b2
intake,b2
integral,b1
integrate,b1
integration,b1
integrity,b2
intellectual,a2
intelligence,a2
intelligent,a2
intend,a2
intense,a2
intensify,b2
intensity,b1
intention,a2
interact,c1
interaction,b1
interactive,b2
intercept,c1
intercession,b2
interest,a1
interesting,a1
interfere,b1
interim,b1
interior,b1
interlocutor,c1
intermediate,b1
interminable,c1
intermittent,b2
internal,a2
international,a2
interpolate,c1
interpret,b1
interpretation,a2
interrupt,a2
intersection,b2
interval,b1
intervene,c1
intervention,b1
intimate,b1
intimidate,c1
into,a1
intolerance,b2
intractable,c1
intrepid,c1
intricate,c1
intrinsic,b2
introduce,a2
introduction,a2
introspection,b2
inundate,c1
invade,b1
invalidate,b2
invasion,b1
invective,c1
inventor,b2
inventory,b2
invest,a2
investigate,a2
investigation,a2
investor,b1
invisible,a2
invitation,a2
invoke,b2
involvement,b1
iron,a1
irony,c1
irrespective,c1
irreverent,c1
irrevocable,c1
irrigation,b2
irritate,b2
island,a1
isolate,c1
isolation,b1
isotope,b2
issue,a2
it,a1
item,a2
its,a1
ivory,b2
jacket,a1
jam,b1
january,a1
jeans,a1
jeopardize,c1
jewel,a2
jewelry,a2
join,a2
joint,a2
joke,a1
journal,a2
journalism,b2
journalist,a2
journey,a2
joy,a2
judge,a2
judgment,a2
judicature,c1
judicial,b1
judiciary,b2
juice,a1
july,a1
jump,a1
june,a1
jungle,b2
junior,a2
jurisdiction,b1
jurisprudence,c1
jury,b1
just,a1
justification,b1
justify,a2
juvenile,b1
juxtapose,c1
juxtaposition,c1
keen,a2
keep,a1
key,a1
keyboard,b2
kick,a1
kid,a1
kill,a2
killing,b1
kind,a1
kinetic,b2
king,a1
kingdom,b1
kinship,b2
kiss,a1
kitchen,a1
kite,a1
kitten,a1
knee,a1
knife,a1
knock,a2
know,a1
knowledge,a2
label,b2
labor,a2
laboratory,b1
labyrinth,c1
lack,a2
laconic,c1
ladder,a1
lady,a2
lake,a2
lament,b2
lamp,a1
land,a1
landfill,b2
landlord,b2
landmark,b2
landscape,a2
lane,a2
language,a1
languish,c1
laptop,a2
large,a1
last,a1
late,a1
lately,a2
later,a1
latest,a2
latitude,b2
latter,b1
laudable,c1
laugh,a1
launch,a2
laundry,a2
lawn,a2
lawsuit,b1
lawyer,a2
lax,c1
lay,a2
layer,a2
layman,b2
layout,b1
leader,a2
leadership,a2
leaf,a1
lean,a2
leap,b1
learn,a1
least,a2
leather,a1
lecture,a2
left,a1
leftist,b2
leg,a1
legacy,b1
legal,a2
legend,b1
legislation,b1
legislative,b1
legitimacy,b2
legitimate,b1
leisure,a2
lemon,a1
lend,b1
length,a2
lengthy,b1
lens,a2
lessen,b1
lesson,a1
let,a1
lethal,c1
lethargic,c1
letter,a1
level,a2
lever,b2
leverage,b2
levity,c1
liability,b2
liable,b2
liberal,a2
liberalization,b2
liberation,b1
liberty,b1
library,a1
licentious,c1
lid,a2
lieutenant,b1
life,a1
lifestyle,a2
lift,a1
light,a1
like,a1
likelihood,b1
likely,a2
likewise,b1
limit,a2
limitation,a2
line,a1
lineage,b2
linear,b1
linger,b1
link,a2
lion,a1
lips,a1
liquid,a2
list,a1
listen,a1
literacy,b1
literal,c1
literary,b1
literature,a2
litigation,b2
litter,a2
little,a1
live,a1
livelihood,b2
lively,b1
livestock,b2
load,a2
loan,a2
lobby,b1
lobbyist,c1
local,a2
locality,b2
locomotive,b2
logging,c1
logic,b1
logical,a2
logistics,b2
lonely,a2
long,a1
long-term,b1
longevity,b2
look,a1
loom,b2
loop,a2
loose,a2
loquacious,c1
lose,a1
lot,a1
lottery,b1
love,a1
lovely,a2
lover,b1
low,a1
lower,a2
loyalty,b2
lucid,c1
luck,a2
lucky,a2
lucrative,c1
ludicrous,c1
luggage,a2
lumber,b2
lunch,a1
luxury,b1
machine,a1
machinery,b2
macro,b2
mad,a2
magazine,a1
magic,a2
magical,b2
magistrate,b2
magnanimous,c1
magnitude,b2
main,a1
mainland,a2
mainly,a2
mainstream,b2
maintenance,b1
major,a2
make,a1
make-up,b2
maker,a2
male,a1
malevolent,c1
malfunction,b2
malicious,c1
mall,a2
man,a1
manage,a2
manager,a2
mandate,b1
maneuver,c1
manifest,c1
manifesto,b2
manipulation,b2
manner,a2
mansion,b1
manual,b2
manufacture,a2
manufacturer,a2
manuscript,b2
many,a1
map,a1
marathon,b2
marble,b2
march,a1
margin,a2
marginal,b2
marital,b1
maritime,b2
mark,a2
market,a1
marketplace,b2
marry,a1
marshal,b2
martial,b2
mass,a2
massacre,b2
massive,b1
master,a2
match,a2
mate,b1
material,a2
maternal,b2
maternity,b2
math,a1
matrix,b2
matter,a1
mature,b2
maturity,b2
maudlin,c1
maximize,c1
maximum,a2
may,a1
mayor,a2
mayoral,b2
me,a1
meadow,b2
meal,a1
mean,a1
meander,c1
meaningful,b1
meanwhile,a2
measure,a2
measurement,b1
meat,a1
mechanism,b1
medal,a2
media,a2
mediate,c1
mediation,b2
medication,b2
medicine,a1
mediocre,c1
medium,a2
meet,a1
melt,a2
member,a1
membership,a2
membrane,b2
memoir,b2
memorial,b1
mendacious,c1
mental,a2
mention,a2
mentor,b2
mercenary,c1
merchandise,b2
merchant,a2
mercury,b2
mercy,a2
mere,b2
merely,a2
merge,b2
merit,b1
meritocracy,c1
mess,a2
message,a1
metabolism,b2
metal,a1
metamorphosis,c1
metaphor,b1
method,a2
methodology,b2
meticulous,c1
metropolitan,b2
microscope,b2
middle,a1
middle-class,b1
midst,b1
might,a1
mighty,b2
migrant,b2
migrate,b1
migration,b1
mild,b1
milestone,b2
milieu,c1
militant,b1
military,a2
militia,b2
milk,a1
millennium,b2
million,a1
mind,a1
mine,a1
mineral,b1
miniature,b2
minimal,b1
minimize,b2
minimum,a2
minister,a2
ministry,b1
minor,a2
minority,b1
minute,a1
miracle,a2
mirror,a1
misconceptual,b2
misconstrue,c1
misnomer,c1
miss,a1
mitigate,b2
mix,a1
mixture,a2
mob,b2
mobile,a2
mobility,b1
mobilize,c1
mode,a2
model,a1
moderate,b1
modern,a1
modest,a2
modification,b2
modify,b1
molecule,b1
mollify,c1
mom,a1
moment,a1
momentum,c1
monarchy,b2
monastery,b2
monday,a1
monetary,b2
money,a1
monitor,b1
monitoring,b1
monkey,a1
monolithic,c1
monopoly,b1
monster,a2
month,a1
monument,a2
monumental,b2
mood,a2
moon,a1
moral,a2
morality,b2
moratorium,b2
more,a1
moreover,b1
moribund,c1
morning,a1
mortality,b2
mortgage,b1
most,a1
mostly,a2
mother,a1
motivation,b1
motive,b1
motor,a2
mountain,a1
mouse,a1
mouth,a1
move,a1
movement,a2
movie,a1
mr,a1
mrs,a1
much,a1
mud,b1
multilateral,c1
multiple,b1
multiply,a2
municipal,b1
municipality,b2
munificent,c1
murder,a2
muscle,a2
museum,a1
music,a1
must,a1
mutual,b1
my,a1
myopic,c1
myriad,c1
mystery,a2
myth,b1
nail,b2
name,a1
namely,c1
narrative,a2
narrow,a1
nascent,c1
nasty,a2
nation,a2
native,a2
natural,a2
naturally,a2
naval,b1
near,a1
nearby,a2
nearly,a2
neat,a2
nebulous,c1
necessary,a1
necessity,a2
neck,a1
need,a1
needle,a1
nefarious,c1
negative,a2
neglect,b2
negligence,b2
negotiate,a2
neighbor,a1
neither,a2
nerve,a2
nest,a1
net,a2
network,a2
networking,b1
neutral,b2
neutrality,b2
neutron,b1
never,a1
nevertheless,a2
new,a1
news,a1
newsletter,b2
newspaper,a1
next,a1
nice,a1
night,a1
nightclub,b2
nightmare,a2
nihilism,c1
nine,a1
nineteen,a1
ninety,a1
no,a1
nobility,b2
noble,a2
nobody,a1
noise,a1
nomenclature,b2
nominal,b2
nomination,b1
nominee,b1
nonchalant,c1
noncompliance,c1
none,a1
nonetheless,b1
nonpartisan,c1
noon,a1
nor,a2
norm,b1
normal,a1
normally,a2
normative,c1
north,a1
northern,a2
nose,a1
nostalgia,c1
not,a1
notable,b1
notary,b2
note,a1
nothing,a1
notice,a2
notify,c1
notion,a2
notoriety,c1
notorious,b1
notwithstanding,b2
nourish,c1
novel,a2
november,a1
novice,c1
now,a1
nuance,c1
nuclear,a2
nucleus,b2
number,a1
numerical,b2
nurse,a1
nursery,b2
nurture,c1
obdurate,c1
obesity,b1
obfuscate,c1
object,a2
objection,b1
obligation,a2
obligatory,c1
oblige,b2
oblique,c1
oblivion,c1
obsequious,c1
observation,a2
observed,b1
observer,b1
obsolescence,c1
obsolete,b2
obstacle,b1
obstinate,c1
obstruct,c1
obvious,a2
obviously,a2
occasion,a2
occasional,b1
occasionally,b1
occupation,b1
occupational,b2
occupy,a2
occur,a2
occurrence,a2
ocean,a1
october,a1
odd,a2
odds,b1
of,a1
off,a1
offend,b1
offense,a2
offensive,a2
offer,a1
office,a1
official,a2
offset,b2
offspring,b2
often,a1
oh,a1
oil,a1
ok,a1
old,a1
oligarchy,c1
ominous,c1
omission,b2
omit,c1
omnipotent,c1
on,a1
once,a1
one,a1
onerous,c1
ongoing,b1
onion,a1
only,a1
onset,c1
opaque,c1
open,a1
opera,b1
operate,a2
operation,a2
operational,b1
operative,b2
operator,b1
opinion,a2
opponent,a2
opportunist,c1
opportunistic,c1
opportunity,a2
oppose,b1
opposite,a1
optical,b2
optimistic,b2
optimization,b2
optimize,b1
optimum,c1
option,a2
or,a1
orange,a1
orchestra,b2
orchestrate,c1
ordeal,b2
order,a1
ordinance,b2
ordinary,a2
organic,a2
organism,b2
organizational,b1
organize,a2
orient,b2
orientation,b1
oriented,c1
origin,a2
original,a2
ornate,c1
orphan,b2
orthodox,b2
ostensible,c1
ostracize,c1
other,a1
otherwise,a2
ought,a2
our,a1
out,a1
outbreak,b1
outcome,a2
outdoor,b1
outer,a2
outlet,b1
outline,a2
outlook,b2
output,b1
outreach,b2
outright,c1
outside,a1
outsider,b2
outskirts,b2
outsource,c1
outspoken,b2
oven,a2
over,a1
overcome,a2
overhaul,c1
overlap,b1
override,c1
overseas,b1
oversee,c1
oversight,b2
overt,c1
overthrow,b2
overwhelm,b2
overwhelming,b2
own,a1
owner,a2
ownership,a2
pacifist,b2
pack,a2
package,a2
packet,a2
paddle,b2
page,a1
pain,a2
painful,a2
paint,a1
painting,a1
pair,a1
pajamas,a1
palace,a1
palatable,c1
pale,a2
palm,a2
palpable,c1
pan,a2
panacea,c1
pandemic,b2
panel,a2
panic,b1
pants,a1
parade,a2
paradigm,b2
paradox,b2
paradoxical,c1
paragraph,a2
parallel,a2
parameter,b2
parcel,b2
parent,a1
pariah,c1
parish,b2
park,a1
parking,a2
parliament,b2
parliamentary,b2
parochial,c1
parsimonious,c1
part,a1
partial,b2
participant,b1
participate,a2
participation,b1
partisan,b2
partner,a1
partnership,b1
party,a1
pass,a1
passage,b1
passenger,a1
passion,a2
passionate,b1
passive,b1
passport,a1
past,a1
pasta,a1
patent,b1
path,a1
pathway,b1
patience,a2
patient,a2
patriarch,c1
patriot,c1
patriotism,b2
patrol,b1
patron,b1
patronage,b2
patronize,c1
pattern,a2
pause,a2
pay,a1
payment,a2
peace,a2
peach,a1
peak,b1
pear,a1
peasant,b2
peculiar,a2
pedagogy,b2
pedantic,c1
pedestrian,b2
pedigree,c1
peer,c1
pen,a1
penalty,a2
pencil,a1
penetrate,b2
peninsula,b1
pension,b1
people,a1
pepper,a1
perceive,b1
percent,a1
perception,b1
percussion,b2
perform,a2
performance,a2
perfunctory,c1
perhaps,a2
period,a1
peripheral,c1
perjury,c1
permanent,a2
permanently,b1
permission,a2
permit,b1
permutation,c1
pernicious,c1
perpetual,b2
perpetuate,c1
persist,b1
persistence,b1
persistent,c1
person,a1
personal,a2
personality,a2
perspective,b1
perspicacious,c1
persuade,a2
pertinent,c1
petition,b1
pharmaceutical,b2
phase,b1
phenomenon,b1
philanthropic,c1
philosopher,b1
phone,a1
photo,a1
photograph,a2
photography,b1
phrase,a2
physical,a2
physically,a2
physician,b1
physics,b2
piano,a1
pick,a1
picture,a1
piece,a1
pile,a2
pilgrimage,b2
pilot,a1
pink,a1
pioneer,b1
pitch,a2
pitfall,c1
pizza,a1
place,a1
plagiarism,c1
plain,a2
plan,a1
planet,a2
plant,a1
plantation,b2
plastic,a2
plate,a1
platform,a2
platitude,c1
plausible,b2
play,a1
player,a1
plaza,b2
plea,a2
pleasant,a2
please,a1
pleasure,a2
plebiscite,b2
pledge,b1
plenty,a2
plethora,c1
plot,b1
plumber,b2
plumbing,b2
plunge,b1
pluralism,b2
plurality,c1
pocket,a1
poem,a2
poet,b2
poetic,b2
poetry,a2
poignant,c1
point,a1
poison,a2
polar,b1
polarize,b2
polemic,c1
police,a1
policy,a2
policymaker,b2
polite,a2
political,a2
politics,a2
poll,b1
polygamy,b2
ponderous,c1
pool,a1
poor,a1
pop,a2
popular,a1
popularity,b1
pork,a1
portable,b2
portfolio,b1
portion,a2
portrait,b1
pose,a2
position,a2
positive,a2
possess,a2
possession,a2
possibility,a2
possible,a1
possibly,a2
post,a1
poster,b2
postpone,b1
postulate,c1
postwar,b2
pot,a1
potato,a1
potent,c1
potential,a2
pottery,b1
poultry,b2
poverty,b1
powerful,a2
practicable,c1
practice,a1
practitioner,b2
pragmatic,c1
pray,b1
prayer,a1
preamble,c1
precarious,c1
precaution,b2
precautionary,b2
precede,b2
precipitate,c1
precipitation,b2
precise,b1
precisely,b1
precision,b2
predecessor,b2
predict,a2
prediction,b1
predilection,c1
predominantly,b1
predominate,c1
preeminent,c1
preempt,c1
preface,b2
prefer,a2
preference,b1
pregnancy,b2
pregnant,b1
prejudice,b2
prejudicial,c1
preliminary,b1
prelude,c1
premier,b2
premise,b1
premium,b2
preparation,a2
prepare,a1
preposterous,c1
prerequisite,b2
prerogative,c1
prescient,c1
prescribe,c1
prescription,b1
present,a1
preservation,b2
preserve,b1
presidency,b1
president,a2
pressured,b1
prestige,c1
prestigious,b2
presumably,b1
presume,b1
presumption,c1
presumptuous,c1
pretentious,c1
pretty,a1
prevail,b1
prevalence,b2
prevalent,b2
prevent,a2
prevention,b1
previous,a2
price,a1
primarily,b2
primary,a2
prime,b1
primitive,b1
prince,a1
princess,a1
principal,b1
principle,a2
principled,c1
print,a2
prior,b1
priority,a2
prison,a2
prisoner,a2
privacy,a2
private,a2
privilege,b1
prize,a1
probably,a1
probe,b1
probity,c1
problem,a1
proceed,b1
process,a2
processing,b1
proclaim,c1
proclivity,c1
procurement,b2
prodigious,c1
produce,a2
product,a2
production,a2
productive,a2
productivity,b1
profession,a2
professional,a2
professor,a2
proficiency,c1
profile,b1
profit,a2
profligate,c1
profound,b1
progenitor,c1
program,a1
progressive,b1
prohibit,b2
prohibition,b1
project,a1
projection,b2
proliferate,c1
proliferation,b2
prolific,c1
prolonged,b1
prominence,b1
prominent,b1
promise,a1
promote,a2
promotion,b1
prompt,b2
promulgate,c1
prone,b2
pronunciation,b2
propaganda,b2
propagate,c1
propensity,c1
proper,a2
properly,a2
property,a2
prophecy,b2
propitious,c1
proportion,a2
proposition,b2
proprietary,c1
prosaic,c1
prosecute,c1
prosecution,b1
prosecutor,a2
prospect,b1
prospective,b2
protagonist,b2
protect,a2
protective,a2
protein,b1
protest,a2
protocol,c1
protracted,c1
proud,a2
prove,a2
provide,a2
provider,b1
province,a2
provincial,b2
provision,b1
provisional,b2
provocation,c1
provoke,b2
prowess,c1
proximity,c1
prudent,c1
psychiatric,b1
psychological,b1
psychology,b1
public,a2
publication,b1
publicity,b2
publish,a2
publisher,b1
pull,a1
pulse,b1
punctilious,c1
punctual,b2
punctuation,b2
punishment,a2
punitive,b2
pupil,a1
puppy,a1
pure,a2
purist,c1
puritanical,c1
purpose,a2
pursue,a2
pursuit,b1
push,a1
put,a1
puzzle,a1
pyramid,b2
qualification,b1
qualify,a2
quality,a2
quarantine,b2
quarter,a1
quarterback,b2
quarterly,b1
queen,a1
querulous,c1
quest,b1
question,a1
questionnaire,b2
quick,a1
quickly,a1
quiet,a1
quite,a1
quixotic,c1
quorum,c1
quota,b1
quote,b1
rabbit,a1
race,a1
racial,a2
racing,a2
racism,b1
radar,b1
radical,b1
rage,b1
rain,a1
rainbow,a1
rally,b1
ramification,c1
rampant,c1
rancor,c1
random,a2
range,a2
rank,a2
ransom,b2
rapacious,c1
rape,b1
rapid,a2
rapidly,b1
rare,a2
rarely,a2
rat,a1
rate,a2
rather,a2
ratification,b2
ratify,c1
ratio,b1
rationale,b2
raw,a2
reach,a2
react,a2
reaction,a2
reactionary,b2
read,a1
readily,a2
ready,a1
real,a1
realistic,b1
realization,b2
really,a1
realm,b1
reassure,b1
rebuff,c1
rebuild,b2
rebuke,c1
recalcitrant,c1
receipt,a2
receive,a1
recently,a2
recession,a2
recipe,b2
reciprocal,c1
recognition,a2
recognize,a2
recommend,a2
recommendation,a2
reconcile,b2
reconciliation,b2
reconstruction,b1
record,a2
recourse,c1
recovery,b1
recruit,b1
recruitment,b2
rectify,c1
red,a1
redevelopment,b2
redolent,c1
redress,c1
reduce,a2
redundant,c1
refer,a2
referee,b1
referendum,b2
refine,c1
reflection,b1
reform,a2
reformation,b2
reformulate,c1
refugee,b1
refurbish,c1
refusal,b1
refuse,a2
refute,c1
regard,b1
regime,b1
register,a2
registration,b1
regular,a2
regulate,b1
regulation,a2
regulatory,b1
rehabilitation,b1
reign,a2
reimburse,b2
reinforce,b1
reinstate,c1
reject,a2
rejection,a2
relate,a2
relation,a2
relationship,a2
relay,c1
relegate,c1
relentless,c1
relevance,b1
relevant,c1
reliability,b2
reliable,a2
relic,b2
relief,a2
religion,a2
religious,a2
relinquish,c1
reluctance,b2
reluctant,a2
rely,a2
remain,a2
remark,a2
remarkable,b1
remedial,b2
remedy,b1
remember,a1
remind,a2
remittance,b2
remorse,c1
remote,a2
removal,b2
remove,a2
remuneration,c1
renaissance,b1
render,a2
rendering,b2
renewable,b1
renovation,b2
renowned,b2
rent,a2
repair,a2
repatriation,b2
repeal,c1
repeat,a2
repeatedly,b1
repercussion,b2
repetition,b1
replace,a2
replacement,b1
replenish,c1
replete,c1
replica,b2
reply,a1
report,a2
repository,b2
reprehensible,c1
representation,b1
repression,b2
reprisal,c1
reproduction,b2
reproductive,b1
republic,a2
repudiate,c1
reputation,a2
request,a2
requirement,b1
requisite,b2
rescind,c1
rescue,a2
research,a2
resemble,b2
reservation,b1
reserve,a2
reservoir,b1
resettlement,b2
reside,c1
residential,b1
residents,b2
residual,b1
resign,b1
resignation,b1
resilience,b2
resilient,c1
resist,b1
resistance,a2
resolution,a2
resonance,b2
resonant,c1
resort,b1
resource,a2
respective,b1
resplendent,c1
respond,a2
responsible,a2
rest,a1
restaurant,a1
restitution,c1
restoration,b1
restorative,b1
restore,a2
restraint,b2
restrict,b1
restriction,a2
result,a2
resurgence,b2
resurgent,c1
retail,b1
retain,b1
reticent,c1
retirement,b1
retreat,b1
retribution,c1
retrieve,b2
retroactive,c1
retrospective,b2
return,a1
reunion,b1
reveal,a2
revelation,b1
revenue,b1
revere,c1
reverse,a2
review,a2
revision,b2
revolt,b2
revolution,a2
revolutionary,b1
reward,a2
rhetoric,b1
rhythm,b1
rice,a1
rich,a1
rid,b1
ride,a1
rife,c1
rifle,b1
right,a1
rigid,b1
rigorous,c1
ring,a1
rise,a1
risk,a2
ritual,b1
rival,a2
rivalry,b2
river,a1
riveting,c1
road,a1
robot,a2
robust,b1
role,a2
romantic,a2
roof,a1
room,a1
root,a2
rope,a1
rotation,b1
rough,a2
round,a1
route,a2
routine,b1
row,a2
royal,a2
rubber,a1
rude,a2
rug,a1
ruin,a2
rule,a1
ruler,a1
ruling,b1
run,a1
rural,a2
ruthless,c1
sabbatical,c1
sacred,b2
sacrifice,a2
sad,a1
safe,a1
safeguard,c1
sagacious,c1
sail,a2
saint,b1
salary,a2
sale,a2
salient,c1
salmon,b2
same,a1
sample,a2
sanction,b1
sand,a1
sanguine,c1
sardonic,c1
satellite,b1
satisfaction,b1
satisfy,a2
saturate,c1
saturday,a1
sauce,a1
savage,b1
save,a2
say,a1
scale,a2
scandal,b1
scarcity,b2
scared,b1
scenario,b1
scene,a2
sceptical,c1
schedule,a2
scholar,a2
scholarship,b1
school,a1
scientific,a2
scissors,a1
scope,a2
scout,b2
screen,a2
script,a2
scrupulous,c1
scrutinize,c1
scrutiny,b2
sea,a1
search,a1
season,a1
seasonal,b1
seat,a1
secession,b2
second,a1
secondary,a2
secret,a2
section,a2
sector,b1
secular,b1
security,a2
sediment,b2
sedulous,c1
see,a1
seed,a2
seek,a2
segment,b1
segregation,c1
seize,c1
select,a2
selection,a2
selective,b1
sell,a1
semblance,c1
semester,b2
semiautonomous,c1
semiconductor,b2
seminal,c1
seminar,b1
senate,a2
senator,b1
send,a1
sender,b2
senior,a2
sensation,b1
sensitive,a2
sentence,a1
sentiment,b2
sentinel,b2
separate,a2
separation,b2
september,a1
sequence,b1
sequester,c1
sergeant,b2
serial,b1
serious,a1
servant,a2
serve,a2
session,a2
setback,a2
settle,a2
settlement,a2
settler,b2
seven,a1
seventeen,a1
seventy,a1
severance,b2
severe,a2
shade,b1
shadow,a2
shaft,b1
shake,a2
shall,b1
shallow,a2
shame,a2
shape,a1
share,a2
shareholder,b2
shark,a1
sharp,a2
sharply,b1
she,a1
shed,a2
sheep,a1
shelter,a2
sheriff,b1
shift,a2
shirt,a1
shock,a2
shoe,a1
shop,a1
short,a1
shorts,a1
should,a1
shoulder,a1
show,a1
shower,a1
shrewd,c1
side,a1
siege,b1
sign,a1
signal,a2
significance,b1
significant,a2
silence,a2
silent,a2
silly,a2
silver,a1
similar,a2
similarly,b1
simple,a1
simulate,b1
simulation,b1
simultaneous,b2
simultaneously,b1
since,a1
sing,a1
singer,a1
singular,b1
sink,a1
sister,a1
sit,a1
site,a2
situated,b2
situation,a2
six,a1
sixteen,a1
sixty,a1
size,a1
skeptic,b2
skeptical,b1
skepticism,b2
sketch,b1
ski,a1
skill,a2
skilled,b1
skin,a1
skirt,a1
sky,a1
slave,a2
slavery,b1
sleep,a1
slice,b1
slight,a2
slim,b1
slip,b1
slogan,b1
slot,b1
small,a1
smart,a2
smile,a1
smoke,a1
smooth,a2
snake,a1
snap,b1
snapshot,b2
snow,a1
so,a1
soccer,a1
social,a1
socialist,a2
society,a2
sock,a1
soften,b2
soil,a2
solar,a2
soldier,a2
sole,b1
solicit,b2
solid,a2
solidarity,b1
soliloquy,c1
solution,a2
some,a1
somebody,a1
someday,a2
someone,a1
something,a1
sometimes,a1
somewhat,a2
somewhere,a2
son,a1
song,a1
soon,a1
sophisticated,a2
sophomore,b1
soporific,c1
sorry,a1
sort,a2
soul,a2
soup,a1
source,a2
south,a1
southeast,b1
southern,a2
sovereign,b1
sovereignty,b1
space,a1
span,b1
spare,a2
spark,b1
spatial,b1
speak,a1
speaker,a2
special,a1
specialist,a2
specification,b1
specimen,b2
specious,c1
spectrum,b2
speculate,b2
speculation,b1
spelling,b1
spend,a1
sphere,b1
spider,a1
spin,a2
spirit,a2
spiritual,a2
split,a2
spokesman,b1
sponsor,b1
sport,a1
spouse,b2
spread,a2
spring,a1
spurious,c1
squad,b1
squalid,c1
square,a1
stability,b1
stabilization,c1
stabilize,b2
stable,a2
staff,a2
stage,a2
stagnation,b2
stairs,a1
stake,b1
stalemate,c1
stamp,a1
stance,c1
stand,a1
standard,a2
standpoint,b2
star,a1
start,a1
state,a2
station,a1
statistical,a2
status,a2
statute,b2
statutory,c1
stay,a1
steadfast,c1
steak,a1
steal,a2
steam,a2
steel,a2
steep,a2
stem,b1
step,a1
stereotype,b1
stewardship,b2
stigma,b2
still,a1
stimulate,a2
stimulus,b1
stipulate,c1
stipulation,b2
stock,a2
stomach,a1
stone,a1
stop,a1
store,a1
storm,a1
story,a1
straightforward,b1
strain,b1
strand,b1
stranger,a1
strategic,b1
strategy,a2
strawberry,a1
stream,a2
street,a1
strength,a2
stress,a2
stretch,a2
strict,a2
stride,b1
stringent,c1
strip,a2
strong,a1
strongly,b1
structural,b1
structure,a2
struggle,a2
stubborn,b2
student,a1
study,a1
stumble,b2
style,a2
subdivision,b2
subject,a1
subjugate,c1
sublime,c1
submission,b1
submit,a2
subordinate,b2
subsequent,b2
subsidy,c1
subsistence,b2
substance,b2
substantial,c1
substantially,b1
substantiate,c1
substantive,b2
substitute,b1
suburb,a2
suburban,b1
subversive,c1
success,a2
successful,a2
succession,b1
successor,b1
succinct,c1
such,a1
sue,b1
suffer,a2
suffice,c1
sufficient,b1
suffrage,b2
sugar,a1
suggestion,a2
suit,a1
suitable,a2
suitcase,a1
summary,a2
summer,a1
summit,b1
summon,c1
sun,a1
sunday,a1
sunglasses,a1
sunrise,a1
sunset,a1
super,a2
superb,b2
superficial,c1
superfluous,c1
superimpose,c1
superintend,b2
superintendent,b1
superior,a2
supermarket,a1
supervision,b2
supplant,c1
supplement,b1
supply,a2
support,a2
suppose,a2
supposedly,b1
supposition,c1
suppress,b2
supreme,b1
surcharge,b2
sure,a1
surface,a2
surge,b2
surgeon,a2
surgery,a2
surplus,a2
surprise,a1
surrender,b1
surreptitious,c1
surveillance,b2
survive,a2
susceptibility,b2
susceptible,c1
suspect,a2
suspend,b2
suspension,b1
suspicious,b1
sustain,a2
sustainable,b1
sway,b2
sweater,a1
sweep,a2
sweet,a2
swift,a2
swim,a1
swimming,a1
swing,b1
sword,b1
sycophant,c1
symbiotic,b2
symbolic,b1
sympathy,a2
syndrome,b2
synthesis,b2
synthetic,b2
system,a2
systematic,a2
table,a1
tacit,c1
tackle,a2
tactic,b2
tactical,b2
take,a1
tale,a2
talent,a2
talk,a1
tall,a1
tangential,c1
tangible,c1
tank,b1
target,a1
tariff,b2
task,a2
taut,c1
tax,a2
taxonomy,b2
taxpayer,b2
tea,a1
teach,a1
teacher,a1
team,a1
technical,a2
technology,a2
tedious,c1
teenage,a2
teenager,a2
telecommunications,b1
telephone,a1
telescope,b2
tell,a1
temperance,c1
temperature,a2
temple,a2
temporarily,b1
temporary,b2
tempt,b2
ten,a1
tenacious,c1
tenant,b1
tend,a2
tendency,b1
tender,b2
tent,a1
tentative,c1
tenure,b2
terminal,a2
terminology,c1
terrain,b1
territorial,b2
territory,a2
terrorism,b1
test,a1
testament,b2
testify,c1
text,a2
textile,b1
texture,b2
than,a1
thank,a1
that,a1
the,a1
their,a1
them,a1
theme,a2
then,a1
theology,b2
theoretical,b2
theory,a2
therapeutic,b2
therapy,a2
there,a1
thereby,b1
therefore,a2
thermal,b1
thesis,b1
they,a1
thick,a1
thin,a2
thing,a1
think,a1
third,a1
thirteen,a1
thirty,a1
this,a1
thoroughly,a2
those,a1
thousand,a1
thread,a2
threat,a2
threaten,a2
three,a1
threshold,b1
thriller,b2
throat,a2
through,a1
throughout,a2
throw,a2
thursday,a1
thus,a2
ticket,a1
tide,b1
tiger,a1
tight,a2
timber,b1
time,a1
tin,a2
tip,a2
tirade,c1
tired,a1
title,a2
titular,c1
to,a1
tobacco,b1
today,a1
toe,a1
together,a1
tolerance,b1
tolerate,b2
toll,a2
tomorrow,a1
tone,a2
tongue,a1
tonight,a2
too,a1
tool,a2
tooth,a1
top,a1
topic,a2
topography,b2
torpid,c1
torrent,c1
torture,b2
total,a2
totalitarian,b2
touch,a2
tough,a2
tourism,a2
tourist,a2
tournament,a2
towel,a1
town,a1
toxic,b1
toy,a1
trace,a2
trademark,b1
trading,b1
tradition,a2
traffic,a1
tragedy,a2
train,a1
trait,b1
trajectory,b2
transaction,b2
transcend,b2
transcript,c1
transformation,b1
transgress,c1
transient,c1
transit,b1
transition,a2
transmission,b1
transparency,b2
transparent,b1
transport,a2
trauma,b1
travel,a1
treat,a2
treatment,a2
treaty,b1
tree,a1
tremendous,b1
trenchant,c1
trend,a2
trepidation,c1
triangle,a1
tribal,b1
tribe,b2
tribulation,b2
tribunal,b1
trick,a2
trigger,b1
trillion,b2
trip,a1
trite,c1
triumph,b1
tropical,a2
trouble,a2
truck,a1
truculent,c1
trust,a2
trustee,b2
truth,a2
try,a1
tube,a1
tuesday,a1
tumult,b2
tumultuous,c1
tune,a2
tunnel,a2
turbulence,b2
turkey,a1
turmoil,c1
turn,a1
turnout,b2
turtle,a1
tutorial,b2
tv,a1
twelve,a1
twenty,a1
twist,a2
two,a1
typical,a2
typically,a2
tyranny,c1
ubiquitous,c1
ugly,a2
ui,a2
ultimately,a2
umbrella,a1
unable,a2
unanimous,b2
uncle,a1
uncomfortable,a2
unctuous,c1
under,a1
underestimate,b2
undergo,a2
undergraduate,b2
underlying,b1
undermine,b1
underpin,c1
understand,a1
undertake,b2
underway,b2
uneasy,c1
unemployment,b1
unequivocal,c1
unfair,b1
unfold,b2
unfortunately,a2
unification,b2
uniform,a1
unify,b2
unilateral,c1
union,a2
unique,a2
unit,a2
united,a2
unity,b1
universal,a2
universe,a2
university,a1
unless,a2
unlikely,a2
unprecedented,b1
unscrupulous,c1
untenable,c1
until,a1
unusual,a2
unveil,c1
up,a1
upbringing,b2
update,b1
upheaval,c1
uphold,b2
upon,a2
upper,a2
uproar,b2
upset,a2
urban,a2
urge,a2
us,a1
usage,b2
use,a1
usually,a1
usurp,c1
utilitarian,b2
utilize,a2
utterance,b2
vacancy,b2
vacation,b1
vaccination,b2
vacuous,c1
vacuum,a2
vague,b2
valid,b2
validate,c1
validation,b2
validity,b2
valley,a1
van,a1
vanguard,c1
vapid,c1
variable,b1
variation,b2
variety,a2
vast,a2
vegetable,a1
vegetation,b1
vehement,c1
vehicle,a2
velocity,c1
vendetta,b2
vengeance,c1
venture,a2
venue,b1
verbal,b2
verbose,c1
verdict,b1
verification,b2
verify,b2
veritable,c1
vernacular,c1
versatile,b2
version,a2
versus,b1
very,a1
veteran,b1
veto,c1
viable,b1
vicarious,c1
vicinity,b2
victim,a2
video,a1
vigilante,c1
vigor,b2
vigorous,c1
villa,b2
village,a1
vindicate,c1
vindication,b2
vindictive,c1
violate,b2
violation,b1
violence,a2
violent,a2
virtual,a2
virtue,a2
virulent,c1
visceral,c1
visibility,b2
visible,b1
visit,a1
visitor,a1
visual,a2
vital,b1
vitriolic,c1
vocabulary,a2
vociferous,c1
voice,a1
volatile,b2
volatility,b2
volition,c1
volleyball,a1
volume,a2
voluntary,b1
volunteer,a2
vulnerability,b2
vulnerable,b1
wage,a2
wait,a1
waiver,b2
walk,a1
wall,a1
wallet,a1
want,a1
war,a2
warehouse,a2
warfare,b1
warm,a1
warn,a2
warning,a2
warrant,b1
warranted,c1
warrior,b2
wash,a1
waste,a2
watch,a1
water,a1
watershed,b2
wave,a1
way,a1
we,a1
wealth,a2
wealthy,a2
weapon,a2
wear,a1
weather,a1
website,a2
wednesday,a1
week,a1
weekday,b2
weekend,a2
weigh,a1
weight,a2
weird,a2
welcome,a2
welfare,b2
well,a1
wellness,b2
west,a1
western,a2
whale,a1
what,a1
wheel,a1
when,a1
where,a1
wherever,a2
which,a1
whimsical,c1
white,a1
who,a1
wholesale,b2
wholly,b1
why,a1
wide,a1
widespread,a2
widow,b2
wield,c1
wife,a1
wilderness,b2
wildlife,b1
will,a1
willing,a2
win,a1
window,a1
wing,a1
winner,a2
winter,a1
wire,a2
wise,a2
wish,a1
with,a1
withdraw,b1
withdrawal,b1
without,a1
witness,a2
wolf,a1
woman,a1
wonderful,a1
wood,a1
wooden,a2
word,a1
work,a1
worker,a2
workforce,b1
workout,b2
world,a1
worried,a1
worry,a1
worship,b2
worth,a2
worthy,a2
would,a1
wrap,a2
write,a1
wrong,a1
xenophobia,b2
yacht,b2
yard,a1
year,a1
yellow,a1
yes,a1
yesterday,a1
yield,c1
yogurt,a1
you,a1
young,a1
your,a1
youth,a2
zeal,c1
zealous,c1
zenith,c1
zero,a1
zipper,a1
zone,a2
zoo,a1
